Saved Date,Job Url,Job Title,Company Name
"6/5/16, 5:04 AM",http://www.linkedin.com/jobs/view/124720035,HR Consultant,Cue Clothing Co.
"6/5/16, 5:02 AM",http://www.linkedin.com/jobs/view/139397330,Senior HR Consultant,Robert Walters
"6/7/16, 12:50 AM",http://www.linkedin.com/jobs/view/141721985,Strategic HR Talent Pool - Clerk Grade 9/10,Department of Justice NSW
"6/5/16, 4:59 AM",http://www.linkedin.com/jobs/view/140722129,HR Officer,Seymour Whyte
"5/8/16, 2:38 AM",http://www.linkedin.com/jobs/view/129737739,HR Advisor,Polyglot Group | Business Services Provider
"5/30/16, 9:45 PM",http://www.linkedin.com/jobs/view/138574113,Human Resources Specialist,Gucci
"4/11/23, 5:01 AM",http://www.linkedin.com/jobs/view/3547828274,Business Coach,The Creative Marketing Agency
"6/5/16, 5:00 AM",http://www.linkedin.com/jobs/view/139393873,"HR Generalist - Recruitment, APAC",Research Now SSI
"7/16/21, 3:37 AM",http://www.linkedin.com/jobs/view/2648575199,"Senior Associate (Remote) - $200,000/year USD",Crossover 
"9/24/19, 4:35 PM",http://www.linkedin.com/jobs/view/1449516568,NSW Human Resources Consultant - Fixed Term Contract,Aurecon
"2/21/17, 3:47 AM",http://www.linkedin.com/jobs/view/257409620,Talent Acquisition Specialist,Koala®
"6/7/16, 1:57 AM",http://www.linkedin.com/jobs/view/141737689,Human Resources Advisor,Football Australia
"6/14/16, 4:04 AM",http://www.linkedin.com/jobs/view/143302913,HR Generalist,Epoch Capital
"3/16/16, 4:58 PM",http://www.linkedin.com/jobs/view/111545421,Human Resources Support Officer - (Admin Off Lvl 3/4) - F/T or P/T,Office of the Public Service Commissioner
"4/28/16, 2:34 AM",http://www.linkedin.com/jobs/view/127848634,HR Project Consultant,KPMG Australia
"5/9/16, 3:45 AM",http://www.linkedin.com/jobs/view/131050875,HR Advisor,Robert Walters
