Organization,Followed On
Sticky Tickets Australia,Wed Jun 26 06:31:11 UTC 2024
MUADAO Official ,Mon Apr 24 09:52:45 UTC 2023
LinkedIn Guide to Creating,Tue Apr 18 05:22:36 UTC 2023
Chainlink Labs,Tue Sep 06 23:43:58 UTC 2022
TheGenWealthCreators,Tue Jan 18 05:09:01 UTC 2022
Liquid Learning,Thu Apr 29 00:08:56 UTC 2021
Robbins Research International,Thu Apr 22 09:55:29 UTC 2021
Australian Coaching Awards Association,Wed Jan 06 22:35:58 UTC 2021
LAMPS Media,Thu Jul 09 02:31:04 UTC 2020
The Reboot Show,Fri Jun 05 10:13:59 UTC 2020
"Vlocity, a Salesforce Company",Sun May 03 12:27:06 UTC 2020
Institute of Executive Coaching and Leadership (IECL),Wed Mar 11 05:58:18 UTC 2020
The CEO Magazine Global,Wed Mar 04 00:40:24 UTC 2020
GitHub,Fri Feb 21 17:19:02 UTC 2020
Finders Keeper Recruitment,Thu Nov 28 04:05:00 UTC 2019
Tiger Boards,Thu Aug 22 02:01:30 UTC 2019
LinkedIn,Sun Jun 16 10:44:37 UTC 2019
Atlassian,Sun Jun 16 10:44:21 UTC 2019
Real Skills Education,Tue May 28 11:51:28 UTC 2019
Hacking HR,Wed May 08 23:12:33 UTC 2019
LinkedIn for Learning,Sun Apr 14 11:36:19 UTC 2019
Simon Sinek's The Optimism Company,Wed Mar 20 06:43:48 UTC 2019
Simply Converting,Fri Mar 15 04:18:35 UTC 2019
Expert360,Tue Feb 12 01:07:03 UTC 2019
Open Colleges,Thu Jan 03 02:55:57 UTC 2019
www.amylsmith.com,Sat Apr 07 03:56:54 UTC 2018
LInfluencers,Fri Mar 02 03:23:09 UTC 2018
The Young Entrepreneurs Co,Mon Jan 15 10:05:51 UTC 2018
Salesforce,Wed Oct 04 23:03:18 UTC 2017
Undercover Recruiter,Fri Nov 04 07:33:55 UTC 2016
"Vistage Worldwide, Inc.",Mon Jul 25 00:14:48 UTC 2016
Vistage Australia and New Zealand,Wed Jul 13 05:25:48 UTC 2016
Entrepreneur Media,Tue Jul 05 01:33:00 UTC 2016
Harvard Business Review,Mon Jun 20 13:19:47 UTC 2016
TED Conferences,Tue Mar 17 08:30:25 UTC 2015
The Y NSW,Wed Feb 18 04:40:20 UTC 2015
Whistler Blackcomb,Thu Nov 28 11:56:09 UTC 2013
The Entourage,Tue Sep 03 23:20:19 UTC 2013
Techstars Startup Weekend,Wed Jul 31 02:24:41 UTC 2013
University of Sydney,Fri Jun 21 05:42:17 UTC 2013