Endorsement Date,Skill Name,Endorsee First Name,Endorsee Last Name,Endorsee Public Url,Endorsement Status
2020/07/03 05:13:23 UTC,Strategy,Luke,Stow,www.linkedin.com/in/lukestow,ACCEPTED
2019/11/06 23:38:48 UTC,Venture Capital,Jeremy,Fleischner,www.linkedin.com/in/jeremy-fleischner-commercial-finance,ACCEPTED
2019/11/06 23:38:47 UTC,Refinance,Jeremy,Fleischner,www.linkedin.com/in/jeremy-fleischner-commercial-finance,ACCEPTED
2019/11/06 23:38:46 UTC,Funding,Jeremy,Fleischner,www.linkedin.com/in/jeremy-fleischner-commercial-finance,ACCEPTED
2019/06/14 00:24:53 UTC,Business Analysis,John,Unwin DME MBA,www.linkedin.com/in/john-unwin-dme-mba-46323a1b,ACCEPTED
2019/06/14 00:24:44 UTC,Continuous Improvement,John,Unwin DME MBA,www.linkedin.com/in/john-unwin-dme-mba-46323a1b,ACCEPTED
2019/06/14 00:24:33 UTC,Finance,John,Unwin DME MBA,www.linkedin.com/in/john-unwin-dme-mba-46323a1b,ACCEPTED
2019/06/14 00:24:30 UTC,Operational Planning,John,Unwin DME MBA,www.linkedin.com/in/john-unwin-dme-mba-46323a1b,ACCEPTED
2019/06/14 00:24:26 UTC,Strategic Planning,John,Unwin DME MBA,www.linkedin.com/in/john-unwin-dme-mba-46323a1b,ACCEPTED
2019/06/14 00:24:22 UTC,Budgets,John,Unwin DME MBA,www.linkedin.com/in/john-unwin-dme-mba-46323a1b,ACCEPTED
2019/06/14 00:24:14 UTC,Process Improvement,John,Unwin DME MBA,www.linkedin.com/in/john-unwin-dme-mba-46323a1b,ACCEPTED
2019/06/14 00:23:59 UTC,Business Strategy,John,Unwin DME MBA,www.linkedin.com/in/john-unwin-dme-mba-46323a1b,ACCEPTED
2019/03/06 01:28:47 UTC,Media Production,Stephen (Steve),Wood,www.linkedin.com/in/stephenwoodleaders,ACCEPTED
2019/03/06 01:28:41 UTC,Coaching,Stephen (Steve),Wood,www.linkedin.com/in/stephenwoodleaders,ACCEPTED
2019/03/06 01:28:31 UTC,Leadership Development,Stephen (Steve),Wood,www.linkedin.com/in/stephenwoodleaders,ACCEPTED
2019/02/12 04:58:56 UTC,Problem Solving,Kausttabh K,Dasgupta,www.linkedin.com/in/kaustabhdasgupta,ACCEPTED
2019/02/12 04:58:50 UTC,Interpersonal Communication,Kausttabh K,Dasgupta,www.linkedin.com/in/kaustabhdasgupta,ACCEPTED
2019/02/12 04:58:44 UTC,Communication,Kausttabh K,Dasgupta,www.linkedin.com/in/kaustabhdasgupta,ACCEPTED
2019/02/12 04:58:37 UTC,Customer Support,Kausttabh K,Dasgupta,www.linkedin.com/in/kaustabhdasgupta,ACCEPTED
2019/02/12 04:58:30 UTC,Customer Experience,Kausttabh K,Dasgupta,www.linkedin.com/in/kaustabhdasgupta,ACCEPTED
2019/02/12 04:58:23 UTC,Telecommunications,Kausttabh K,Dasgupta,www.linkedin.com/in/kaustabhdasgupta,ACCEPTED
2019/02/12 04:58:17 UTC,Customer Relationship Management (CRM),Kausttabh K,Dasgupta,www.linkedin.com/in/kaustabhdasgupta,ACCEPTED
2019/02/12 04:58:08 UTC,Stakeholder Management,Kausttabh K,Dasgupta,www.linkedin.com/in/kaustabhdasgupta,ACCEPTED
2019/02/12 04:58:01 UTC,Analytical Skills,Kausttabh K,Dasgupta,www.linkedin.com/in/kaustabhdasgupta,ACCEPTED
2019/02/12 04:57:43 UTC,Technical Support,Kausttabh K,Dasgupta,www.linkedin.com/in/kaustabhdasgupta,ACCEPTED
2019/02/08 07:52:11 UTC,Typography,Bronte,Rosebery,www.linkedin.com/in/bronte-rosebery,ACCEPTED
2019/02/08 07:51:59 UTC,Teamwork,Bronte,Rosebery,www.linkedin.com/in/bronte-rosebery,ACCEPTED
2019/02/08 07:51:53 UTC,Communication,Bronte,Rosebery,www.linkedin.com/in/bronte-rosebery,ACCEPTED
2019/02/08 07:51:44 UTC,Adobe After Effects,Bronte,Rosebery,www.linkedin.com/in/bronte-rosebery,ACCEPTED
2019/02/08 07:51:40 UTC,Adobe Illustrator,Bronte,Rosebery,www.linkedin.com/in/bronte-rosebery,ACCEPTED
2019/02/08 07:51:34 UTC,Microsoft PowerPoint,Bronte,Rosebery,www.linkedin.com/in/bronte-rosebery,ACCEPTED
2019/02/08 07:51:30 UTC,Adobe Creative Suite,Bronte,Rosebery,www.linkedin.com/in/bronte-rosebery,ACCEPTED
2019/02/08 07:51:22 UTC,Adobe Indesign CC,Bronte,Rosebery,www.linkedin.com/in/bronte-rosebery,ACCEPTED
2019/02/08 07:51:16 UTC,Adobe Photoshop,Bronte,Rosebery,www.linkedin.com/in/bronte-rosebery,ACCEPTED
2019/02/08 07:51:07 UTC,Poster Design,Bronte,Rosebery,www.linkedin.com/in/bronte-rosebery,ACCEPTED
2019/02/08 07:50:59 UTC,Character Animation,Bronte,Rosebery,www.linkedin.com/in/bronte-rosebery,ACCEPTED
2019/02/08 07:50:50 UTC,Animation,Bronte,Rosebery,www.linkedin.com/in/bronte-rosebery,ACCEPTED
2019/02/08 07:50:22 UTC,Graphic Design,Bronte,Rosebery,www.linkedin.com/in/bronte-rosebery,ACCEPTED
2018/08/20 01:20:56 UTC,Time Management,TAM,NGUYEN,www.linkedin.com/in/tam-nguyen-39706591,ACCEPTED
2018/08/20 01:20:55 UTC,Management,TAM,NGUYEN,www.linkedin.com/in/tam-nguyen-39706591,ACCEPTED
2018/08/20 01:20:54 UTC,Teamwork,TAM,NGUYEN,www.linkedin.com/in/tam-nguyen-39706591,ACCEPTED
2018/08/20 01:20:52 UTC,Team Leadership,TAM,NGUYEN,www.linkedin.com/in/tam-nguyen-39706591,ACCEPTED
2018/08/20 01:20:50 UTC,Customer Service,TAM,NGUYEN,www.linkedin.com/in/tam-nguyen-39706591,ACCEPTED
2018/08/20 01:20:45 UTC,Payroll,TAM,NGUYEN,www.linkedin.com/in/tam-nguyen-39706591,ACCEPTED
2018/08/20 01:20:45 UTC,Financial Reporting,TAM,NGUYEN,www.linkedin.com/in/tam-nguyen-39706591,ACCEPTED
2018/08/20 01:20:43 UTC,Financial Accounting,TAM,NGUYEN,www.linkedin.com/in/tam-nguyen-39706591,ACCEPTED
2018/08/20 01:20:39 UTC,Account Reconciliation,TAM,NGUYEN,www.linkedin.com/in/tam-nguyen-39706591,ACCEPTED
2018/08/20 01:20:38 UTC,Accounting,TAM,NGUYEN,www.linkedin.com/in/tam-nguyen-39706591,ACCEPTED
2018/08/20 01:20:36 UTC,Accounts Payable,TAM,NGUYEN,www.linkedin.com/in/tam-nguyen-39706591,ACCEPTED
2018/03/13 23:11:02 UTC,Management,Tamsin,Chapman,www.linkedin.com/in/tamsin-chapman-3ab1325a,ACCEPTED
2018/02/28 04:38:14 UTC,Construction,Hannah,Smith,www.linkedin.com/in/hannah-smith-1936b8b2,ACCEPTED
2018/02/28 04:38:10 UTC,Contract Negotiation,Hannah,Smith,www.linkedin.com/in/hannah-smith-1936b8b2,ACCEPTED
2018/02/28 04:38:09 UTC,Marketing Strategy,Hannah,Smith,www.linkedin.com/in/hannah-smith-1936b8b2,ACCEPTED
2018/02/28 04:38:08 UTC,Management,Hannah,Smith,www.linkedin.com/in/hannah-smith-1936b8b2,ACCEPTED
2018/02/28 04:38:05 UTC,Budgeting,Hannah,Smith,www.linkedin.com/in/hannah-smith-1936b8b2,ACCEPTED
2018/02/28 04:38:04 UTC,Budgets,Hannah,Smith,www.linkedin.com/in/hannah-smith-1936b8b2,ACCEPTED
2018/02/28 04:38:03 UTC,Strategic Planning,Hannah,Smith,www.linkedin.com/in/hannah-smith-1936b8b2,ACCEPTED
2018/02/28 04:38:02 UTC,Customer Service,Hannah,Smith,www.linkedin.com/in/hannah-smith-1936b8b2,ACCEPTED
2018/02/28 04:37:59 UTC,Project Planning,Hannah,Smith,www.linkedin.com/in/hannah-smith-1936b8b2,ACCEPTED
2018/02/28 04:37:58 UTC,Project Management,Hannah,Smith,www.linkedin.com/in/hannah-smith-1936b8b2,ACCEPTED
2018/02/28 04:37:56 UTC,Microsoft Office,Hannah,Smith,www.linkedin.com/in/hannah-smith-1936b8b2,ACCEPTED
2018/02/28 04:37:55 UTC,Account Management,Hannah,Smith,www.linkedin.com/in/hannah-smith-1936b8b2,ACCEPTED
2018/02/28 04:37:50 UTC,Construction Management,Hannah,Smith,www.linkedin.com/in/hannah-smith-1936b8b2,ACCEPTED
2018/02/28 04:37:49 UTC,Contract Management,Hannah,Smith,www.linkedin.com/in/hannah-smith-1936b8b2,ACCEPTED
2018/02/28 00:50:13 UTC,Leadership,Alix,Kennedy,www.linkedin.com/in/alix-kennedy-327572127,PENDING
2018/01/31 05:49:53 UTC,Management,Brett,MacPherson,www.linkedin.com/in/brettmacpherson,ACCEPTED
2018/01/04 06:17:31 UTC,Lead Generation,Helen Denney-Stone -,Chatbots Training - Chatbot Agency,www.linkedin.com/in/helendenneystone,ACCEPTED
2018/01/04 06:17:31 UTC,Chatbots,Helen Denney-Stone -,Chatbots Training - Chatbot Agency,www.linkedin.com/in/helendenneystone,ACCEPTED
2018/01/04 06:17:31 UTC,Marketing,Helen Denney-Stone -,Chatbots Training - Chatbot Agency,www.linkedin.com/in/helendenneystone,ACCEPTED
2017/05/30 06:21:34 UTC,Management,Jay,Maynard,www.linkedin.com/in/jay-maynard,ACCEPTED
2017/01/12 21:52:46 UTC,Training,Belinda,Smith,www.linkedin.com/in/belindasmithrenocoach,ACCEPTED
2016/12/12 03:53:48 UTC,Customer Service,Katie,McCormick,www.linkedin.com/in/katie-mccormick-001826100,ACCEPTED
2016/12/12 03:53:43 UTC,Leadership,Katie,McCormick,www.linkedin.com/in/katie-mccormick-001826100,ACCEPTED
2016/12/12 03:53:33 UTC,Strategic Planning,Katie,McCormick,www.linkedin.com/in/katie-mccormick-001826100,ACCEPTED
2016/12/12 03:53:31 UTC,Teamwork,Katie,McCormick,www.linkedin.com/in/katie-mccormick-001826100,ACCEPTED
2016/12/12 03:53:29 UTC,Training,Katie,McCormick,www.linkedin.com/in/katie-mccormick-001826100,ACCEPTED
2016/12/12 03:53:27 UTC,Management,Katie,McCormick,www.linkedin.com/in/katie-mccormick-001826100,ACCEPTED
2016/11/02 23:32:30 UTC,Search Engine Marketing (SEM),Luke,Smith,www.linkedin.com/in/luke-smith-86888710a,ACCEPTED
2016/11/02 23:32:29 UTC,Pay Per Click (PPC),Luke,Smith,www.linkedin.com/in/luke-smith-86888710a,ACCEPTED
2016/11/02 23:32:26 UTC,Affiliate Marketing,Luke,Smith,www.linkedin.com/in/luke-smith-86888710a,ACCEPTED
2016/11/02 23:32:22 UTC,Online Advertising,Luke,Smith,www.linkedin.com/in/luke-smith-86888710a,ACCEPTED
2016/11/02 23:32:16 UTC,Management,Luke,Smith,www.linkedin.com/in/luke-smith-86888710a,ACCEPTED
2016/11/02 23:32:13 UTC,Online Marketing,Luke,Smith,www.linkedin.com/in/luke-smith-86888710a,ACCEPTED
2016/11/02 23:32:09 UTC,Data Analysis,Luke,Smith,www.linkedin.com/in/luke-smith-86888710a,ACCEPTED
2016/11/02 23:32:02 UTC,Google Analytics,Luke,Smith,www.linkedin.com/in/luke-smith-86888710a,ACCEPTED
2016/07/22 00:08:58 UTC,Email Marketing,Luke,Smith,www.linkedin.com/in/luke-smith-86888710a,ACCEPTED
2016/07/13 05:41:40 UTC,Business Strategy,Sandy,Haythorn,www.linkedin.com/in/sandyhaythorn,ACCEPTED
2016/07/13 05:41:40 UTC,Direct Marketing,Sandy,Haythorn,www.linkedin.com/in/sandyhaythorn,ACCEPTED
2016/07/13 05:41:40 UTC,Executive Development,Sandy,Haythorn,www.linkedin.com/in/sandyhaythorn,ACCEPTED
2016/07/13 05:41:40 UTC,Leadership,Sandy,Haythorn,www.linkedin.com/in/sandyhaythorn,ACCEPTED
2016/07/13 05:41:40 UTC,Strategy,Sandy,Haythorn,www.linkedin.com/in/sandyhaythorn,ACCEPTED
2016/05/17 04:07:56 UTC,Software Development,Claire,Shaw,www.linkedin.com/in/clairemirashaw,ACCEPTED
2016/05/17 04:07:09 UTC,Leadership,Jackie,Bolger,www.linkedin.com/in/jackie-bolger-5030845b,ACCEPTED
2016/05/17 04:05:24 UTC,Sports Management,Matthew,Baigent,www.linkedin.com/in/matthew-baigent-23236842,ACCEPTED
2016/05/17 04:04:57 UTC,Marketing,Luke,Smith,www.linkedin.com/in/luke-smith-86888710a,ACCEPTED
2016/05/17 04:04:40 UTC,Social Media Marketing,Luke,Smith,www.linkedin.com/in/luke-smith-86888710a,ACCEPTED
2016/03/15 23:10:17 UTC,Digital Marketing,Luke,Smith,www.linkedin.com/in/luke-smith-86888710a,ACCEPTED
2016/03/15 23:10:04 UTC,Sports,Matthew,Baigent,www.linkedin.com/in/matthew-baigent-23236842,ACCEPTED
2016/03/15 23:08:34 UTC,Marketing,James,Duffy,www.linkedin.com/in/jamesduffy26,ACCEPTED
2015/11/22 09:19:30 UTC,SEM,Luke,Smith,www.linkedin.com/in/luke-smith-86888710a,ACCEPTED
2015/11/22 09:19:30 UTC,Search Advertising,Luke,Smith,www.linkedin.com/in/luke-smith-86888710a,ACCEPTED
2015/11/22 09:19:26 UTC,Google Adwords,Luke,Smith,www.linkedin.com/in/luke-smith-86888710a,ACCEPTED
2014/12/24 09:14:30 UTC,Leadership,Madi,Smith,www.linkedin.com/in/madi-smith-664a7081,ACCEPTED
2014/12/24 09:14:29 UTC,Sales,Madi,Smith,www.linkedin.com/in/madi-smith-664a7081,ACCEPTED
2014/12/24 09:14:20 UTC,Recruiting,Madi,Smith,www.linkedin.com/in/madi-smith-664a7081,ACCEPTED
2013/11/28 12:01:13 UTC,Event Management,James,Little,www.linkedin.com/in/james-little-14142928,ACCEPTED
2013/08/13 04:39:58 UTC,Managed Services,Oliver,Ashworth,www.linkedin.com/in/oliverashworth,ACCEPTED
2013/08/13 04:36:52 UTC,Business Development,Paul,Ferrari,www.linkedin.com/in/paul-ferrari-9ba63723,ACCEPTED
2013/08/13 04:36:14 UTC,IT Recruitment,Amanda,Ibrahim,www.linkedin.com/in/amandaibrahim,ACCEPTED
2013/08/13 04:36:07 UTC,SEO,Judith,Shuttleworth,www.linkedin.com/in/judithshuttleworth,ACCEPTED
2013/08/09 03:07:47 UTC,Professional Services,Troy,Thorne,www.linkedin.com/in/troy-thorne-8120171,ACCEPTED
2013/08/09 03:07:26 UTC,Human Resources,Stephanie,Gaveston,www.linkedin.com/in/stephanie-gaveston-0a713a53,ACCEPTED
2013/07/24 00:23:41 UTC,Professional Services,Stephen,Hancock,www.linkedin.com/in/stephenhancock,ACCEPTED
2013/07/24 00:23:22 UTC,Recruiting,Amanda,Ibrahim,www.linkedin.com/in/amandaibrahim,ACCEPTED
2013/07/24 00:23:04 UTC,Start-ups,Declan,Read,www.linkedin.com/in/declanread,ACCEPTED
2013/07/24 00:22:35 UTC,Customer Experience,Dan,Stephen,www.linkedin.com/in/dan-stephen-07aa6528,ACCEPTED
2013/07/24 00:22:08 UTC,Online Marketing,Judith,Shuttleworth,www.linkedin.com/in/judithshuttleworth,ACCEPTED
2013/07/24 00:21:58 UTC,Start-ups,Belinda,Smith,www.linkedin.com/in/belindasmithrenocoach,ACCEPTED
2013/07/09 23:05:40 UTC,Account Management,Stephen,Hancock,www.linkedin.com/in/stephenhancock,ACCEPTED
2013/07/09 23:05:38 UTC,IT Recruitment,Stephen,Hancock,www.linkedin.com/in/stephenhancock,ACCEPTED
2013/06/25 02:27:32 UTC,Entrepreneurship,Belinda,Smith,www.linkedin.com/in/belindasmithrenocoach,ACCEPTED
2013/06/25 02:27:26 UTC,Customer Service,Dan,Stephen,www.linkedin.com/in/dan-stephen-07aa6528,ACCEPTED
2013/06/25 02:26:40 UTC,Customer Service,Stephanie,Gaveston,www.linkedin.com/in/stephanie-gaveston-0a713a53,ACCEPTED
2013/06/25 02:26:14 UTC,Packaging,Lenny,Preston,www.linkedin.com/in/lenny-preston-13511852,ACCEPTED
2013/06/25 02:26:14 UTC,Corporate Branding,Lenny,Preston,www.linkedin.com/in/lenny-preston-13511852,ACCEPTED
2013/06/25 02:26:14 UTC,Graphic Design,Lenny,Preston,www.linkedin.com/in/lenny-preston-13511852,ACCEPTED
2013/06/25 02:26:14 UTC,Art Direction,Lenny,Preston,www.linkedin.com/in/lenny-preston-13511852,ACCEPTED
2013/06/25 02:26:14 UTC,Graphics,Lenny,Preston,www.linkedin.com/in/lenny-preston-13511852,ACCEPTED
2013/03/12 19:21:33 UTC,Talent Management,Briony,Lipscombe,www.linkedin.com/in/brionylipscombe,ACCEPTED
2013/03/12 19:21:33 UTC,Human Resources,Pam,O'Donnell,www.linkedin.com/in/pam-odonnell,ACCEPTED
2013/03/12 19:21:33 UTC,Time Management,Alex,Nehme,www.linkedin.com/in/alexandranehme1,ACCEPTED
2013/03/12 19:21:20 UTC,Online Marketing,Belinda,Smith,www.linkedin.com/in/belindasmithrenocoach,ACCEPTED
2013/03/12 19:21:06 UTC,Sales,Laura,Good,www.linkedin.com/in/laura-good-22547453,ACCEPTED
2013/03/12 19:21:06 UTC,Negotiation,Laura,Good,www.linkedin.com/in/laura-good-22547453,ACCEPTED
2013/03/12 19:21:06 UTC,Leadership,Laura,Good,www.linkedin.com/in/laura-good-22547453,ACCEPTED
2013/03/12 19:21:06 UTC,Industrial Relations,Laura,Good,www.linkedin.com/in/laura-good-22547453,ACCEPTED
2013/03/12 19:21:06 UTC,Research,Laura,Good,www.linkedin.com/in/laura-good-22547453,ACCEPTED
