HashTag,CreatedTime,LastModifiedTime,State
future,2021-03-23 20:27:07,2021-03-23 20:27:08,Unfollow
employeeexperience,2019-10-09 22:03:20,2021-03-23 20:26:22,Unfollow
gigeconomy,2019-10-09 22:03:10,2019-10-09 22:03:10,Follow
futureofwork,2019-08-28 11:38:18,2019-08-28 11:38:18,Follow
leadership,2019-08-28 11:38:15,2019-08-28 11:38:15,Follow
millennials,2019-04-15 03:23:33,2019-04-15 03:23:33,Follow
managementconsulting,2019-04-15 03:19:10,2021-08-24 04:56:06,Unfollow
personaldevelopment,2019-04-14 11:39:04,2019-04-14 11:39:04,Follow
personalbranding,2019-04-14 11:38:54,2019-04-14 11:38:54,Follow
executivesandmanagement,2019-04-14 11:38:48,2019-04-14 11:38:48,Follow
workingathome,2019-04-14 11:38:19,2019-04-14 11:38:19,Follow
culture,2019-04-14 11:36:49,2021-08-24 04:56:13,Unfollow
hiringandpromotion,2019-04-14 11:35:10,2021-09-28 08:59:34,Unfollow
jobinterviews,2014-07-23 06:23:14,2021-09-28 09:00:00,Unfollow
careers,2014-07-23 06:23:14,2014-07-23 06:23:14,Follow
humanresources,2014-07-23 06:23:14,2014-07-23 06:23:14,Follow
leanstartups,2013-08-01 23:29:18,2019-04-15 03:20:18,Unfollow
venturecapital,2013-08-01 23:29:18,2019-04-15 03:20:16,Unfollow
startups,2013-08-01 23:29:18,2013-08-01 23:29:18,Follow
entrepreneurship,2013-08-01 23:29:18,2013-08-01 23:29:18,Follow
feminism,2013-06-26 00:47:38,2019-04-15 03:20:37,Unfollow
womeninscience,2013-06-26 00:47:38,2019-04-15 03:20:36,Unfollow
gender,2013-06-26 00:47:38,2019-04-15 03:20:14,Unfollow
professionalwomen,2013-06-26 00:47:38,2013-06-26 00:47:38,Follow
management,2013-06-26 00:47:34,2013-06-26 00:47:34,Follow
innovation,2013-06-26 00:47:27,2021-03-23 20:26:58,Unfollow
creativity,2013-06-26 00:47:27,2019-04-15 03:20:40,Unfollow
