Date,Status,FullName
2025-10-22 02:53:29,Active,Mike Killick
2025-09-22 02:30:00,Active,Roy West
2025-08-18 12:48:02,Active,Jake Ward
2025-08-06 11:08:34,Active,Chris Do
2025-07-22 06:05:13,Active,Cherry Birch
2025-07-22 06:00:34,Active,Vida Carlino
2025-07-22 06:00:18,Active,Willo Boniface
2025-07-22 05:59:01,Active,Selina Armstrong
2025-07-22 05:57:22,Active,Julie Dormand
2025-07-22 05:57:02,Active,Liz Kearins
2025-07-22 05:56:45,Active,SYUKRI Azman
2025-07-22 05:56:06,Active,Scott McDouall
2025-07-22 05:06:50,Active,Alicia Brookman
2025-07-16 04:31:51,Active,Ryan Tansom
2025-07-09 04:09:02,Active,Michele Nash
2025-07-09 04:08:00,Active,Kacie Brignell
2025-07-09 04:07:38,Active,Annette Drenth
2025-07-09 04:06:29,Active,Lin Chin 陈慧琳
2025-07-09 04:06:04,Active,Georgina Chang
2025-07-09 04:03:48,Active,Deborah Dickinson
2025-07-09 04:00:52,Active,Juan Castellaz-Faico
2025-07-09 03:59:51,Active,Joyan Chan
2025-07-09 03:57:05,Active,Nicole Schmitz
2025-07-07 03:21:11,Active,"Mariam Mamedli, PhD"
2025-07-04 07:58:19,Active,"Sue Rosen, FCA, PCC"
2025-07-04 07:57:27,Active,Marcia Raheb
2025-07-04 07:56:56,Active,Victoria May Stephens
2025-07-04 07:55:15,Active,Cynthia Mahoney
2025-07-04 07:54:44,Active,Craig Shim
2025-07-04 07:53:23,Active,Julie Parker
2025-07-04 07:52:21,Active,Rachel Fung
2025-07-04 07:51:18,Active,Dr. Sarah Lobegeiger de Rodriguez
2025-07-04 07:49:53,Active,Shemi Rubin
2025-07-04 07:48:56,Active,Monica Kalra
2025-07-04 07:48:39,Active,Han Sam Lai (PCC)
2025-07-04 07:48:25,Active,Peter Shepherd
2025-07-04 07:48:11,Active,Kyal Currant
2025-07-04 07:43:57,Active,Lynne Durham
2025-07-04 07:43:36,Active,Jaki George-Tunnicliffe
2025-07-04 07:43:02,Active,Shruti Chadha
2025-07-04 07:39:59,Active,Mariné Erasmus
2025-07-04 07:39:08,Active,Jon Mason
2025-07-04 07:38:08,Active,Dani Ferrier
2025-07-03 06:43:50,Active,Erica Hatfield
2025-07-03 06:42:58,Active,Gordon Khoo
2025-07-03 06:40:19,Active,★ Linda Morrison ★
2025-07-03 06:38:55,Active,Tathra Street
2025-07-03 06:31:38,Active,Caroline Haines
2025-07-03 06:31:15,Active,Bianca Neilsen
2025-07-03 06:26:47,Active,Dr Jen Frahm
2025-07-03 06:26:21,Active,Nedheya.B PCC(ICF) Coach
2025-07-03 06:25:56,Active,Suzy Jacobs GAICD
2025-07-03 06:24:02,Active,Graeme Isaacs
2025-07-03 06:23:43,Active,Ruth Hutchins (Morgan)
2025-07-03 06:21:39,Active,Christina Georgalla - PCC
2025-07-03 06:18:30,Active,Paul McGregor
2025-07-03 06:18:06,Active,Sarah Denholm
2025-07-03 06:17:41,Active,Renee Conklin
2025-07-02 05:37:35,Active,Dr. BioniChaos ✔
2025-07-02 05:36:58,Active,Catherine Asquith
2025-07-02 05:35:56,Active,Cathy Feenan
2025-07-02 05:35:02,Active,Celine Fontaine
2025-07-02 05:28:14,Active,Francesca Dickson
2025-07-02 05:26:37,Active,Michael McCarthy
2025-07-02 05:26:05,Active,Andrew Williams
2025-07-02 05:21:40,Active,aimee whitcroft
2025-06-27 08:56:26,Active,Ashlee Campbell
2025-06-27 08:55:52,Active,Henk Kleynhans
2025-06-27 08:55:25,Active,Adam Green
2025-06-27 08:55:09,Active,Rachael Burgess
2025-06-27 08:45:59,Active,Adam Bradley
2025-06-27 08:17:46,Active,Claire Marriott
2025-06-27 08:15:20,Active,Julie Fedele
2025-06-27 08:14:39,Active,DANIELLE SEYMOUR
2025-06-27 08:13:47,Active,Dr Natasha Lazareski
2025-06-27 08:07:52,Active,Christopher Tabet
2025-06-26 05:44:56,Active,Tuan Le
2025-06-26 05:44:37,Active,Kok Ping Lim
2025-06-26 05:43:13,Active,Belinda (Bindi) Heit
2025-06-26 05:41:20,Active,Aileen Sim
2025-06-26 05:39:24,Active,Ian Wong
2025-06-26 05:37:11,Active,Vern Norrgard
2025-06-26 05:34:00,Active,Dean Wolfenden
2025-06-26 05:33:20,Active,Remko Jacobs
2025-06-26 05:26:24,Active,Anne Ricci
2025-06-26 05:25:25,Active,Rod Cutler
2025-06-26 05:21:42,Active,Serina Bird
2025-06-26 05:15:14,Active,Dr Marg Peck
2025-06-25 05:05:23,Active,Alison Dean
2025-06-23 10:18:18,Active,Mike Leber
2025-06-20 06:36:23,Active,Ryan Osborne
2025-06-20 06:04:17,Active,Cath Grealy
2025-06-20 06:02:53,Active,Steven North
2025-06-19 08:52:00,Active,Nicole Jordan
2025-06-19 08:51:22,Active,Anthony Chan
2025-06-19 08:50:58,Active,Najah Onn
2025-06-19 08:46:05,Active,Anne Thomas 🌱
2025-06-19 08:45:21,Active,Angelo Castiglione
2025-06-19 08:44:04,Active,Mark Bernberg
2025-06-19 08:37:24,Active,Nicole Thomas
2025-06-19 08:30:35,Active,Chanelle  Le Roux
2025-06-19 08:28:19,Active,John McKenzie
2025-06-18 08:29:50,Active,Dorothée Seeto
2025-06-18 08:27:24,Active,Deborah Pienaar
2025-06-18 08:27:03,Active,Vanessa Vanderhoek - MIntegrativeMed. RNutr. GDipHumNutr.
2025-06-18 08:26:42,Active,Crystal Petzer
2025-06-18 08:22:22,Active,Alisha Burns
2025-06-18 08:21:15,Active,Owen Rask
2025-06-18 08:19:51,Active,Rajesh Wadhwani
2025-06-18 08:19:14,Active,Deb Travers-Wolf
2025-06-18 08:18:39,Active,ZiChuan Lim
2025-06-18 08:10:19,Active,Claire Mula
2025-06-18 08:09:52,Active,Wayne Stickel
2025-06-18 08:09:29,Active,Olga Blias
2025-06-18 08:08:01,Active,Ali Flynn
2025-06-18 07:56:01,Active,Hendry Tanadi
2025-06-18 07:55:37,Active,Robert Adelman
2025-06-18 07:51:59,Active,Daniel Hardcastle
2025-06-18 07:51:21,Active,Priscilla Darcy
2025-06-18 07:48:39,Active,Maxine Driscoll
2025-06-18 07:47:03,Active,Tim Doyle
2025-06-13 06:08:10,Active,Julie Murphy ◇ Empowering Mid-Life Women ◇ ◇ Sliding Door Moments
2025-06-13 06:07:09,Active,Cindy Excell
2025-06-13 06:06:45,Active,Ivy Li
2025-06-13 06:06:16,Active,Dr Linda Sands
2025-06-13 06:03:11,Active,Wayne Reuben
2025-06-13 06:02:21,Active,"Kylie Osborne, BCom FCA"
2025-06-12 06:39:14,Active,Annette Tonkin
2025-06-12 06:38:45,Active,Megan Luscombe
2025-06-12 06:28:21,Active,True North
2025-06-12 06:26:16,Active,Sasha  Fedorovsky
2025-06-12 06:22:37,Active,Catherine Bowyer
2025-06-12 06:02:03,Active,Debi Higson
2025-06-12 05:58:19,Active,Maya Nova
2025-06-11 06:14:04,Active,Wade Norrie
2025-06-11 06:12:11,Active,Kim Delaney MBA
2025-06-11 06:05:14,Active,Briony Liebich
2025-06-11 06:03:31,Active,Mollie Tregillis
2025-06-11 05:59:05,Active,Artemis Evangelidi
2025-06-11 05:55:37,Active,Belinda Collins GAICD
2025-06-11 05:55:14,Active,Audrey Muliva
2025-06-11 05:54:33,Active,Heath Podmore
2025-06-11 05:53:17,Active,Wendy Dumaresq
2025-06-11 05:49:41,Active,Adette Kagan
2025-06-11 05:49:01,Active,Ritu Hinduja
2025-06-11 05:47:41,Active,Gerard Penna
2025-06-11 05:36:58,Active,Kristina Elphinstone (Mills)
2025-06-11 05:16:54,Active,Roanne Innes
2025-06-11 05:15:03,Active,Ellie Bell
2025-06-11 05:09:06,Active,Louisa Pattison
2025-06-11 05:07:31,Active,Mary Palaric
2025-06-09 09:05:37,Active,Jeremy Boissinot
2025-06-06 05:39:14,Active,Sally Noonan GAICD
2025-06-06 05:38:54,Active,Natalie Dawes ACC
2025-06-06 05:38:37,Active,Jody Dontje - VOICE and Emotional Fitness Coach 🙏👑💎
2025-06-06 05:36:46,Active,🦋 Kirsten Barfoot 🦋
2025-06-06 05:36:09,Active,Vickie King
2025-06-06 05:35:24,Active,Sabine Biesenberger
2025-06-06 05:32:34,Active,Laura Fillmann
2025-06-06 05:31:59,Active,Glenn Perkins
2025-06-06 05:31:43,Active,Prue Aja Steedman
2025-06-06 05:28:55,Active,Nicole Walshe
2025-06-06 05:28:36,Active,Jorge Da Rocha
2025-06-06 05:27:35,Active,Dr Scott Bolland
2025-06-06 05:24:16,Active,Evonne Fouesnant
2025-06-06 05:23:15,Active,Judith-Rose Max
2025-06-06 05:22:07,Active,Chris Spinks
2025-06-05 06:04:40,Active,Michael Starling
2025-06-05 06:02:48,Active,Harish Shah
2025-06-05 05:56:11,Active,Fleur Madden
2025-06-05 05:55:53,Active,Fletcher Sunde
2025-06-05 05:55:16,Active,Ruo Mei Chua - Global Pitch Coach Speaker
2025-06-05 05:53:48,Active,Paul Garcia
2025-06-05 05:53:32,Active,Daniel Walters
2025-06-05 05:40:00,Active,Shanel Winning
2025-06-05 05:39:34,Active,Emma Queen
2025-06-05 05:31:58,Active,Hatice Unal
2025-06-05 05:30:48,Active,Pierre Lonchampt
2025-06-05 05:28:45,Active,Genevieve Matthews
2025-06-05 05:28:24,Active,Fabien Ghys
2025-05-28 11:46:01,Active,Kris Hinck
2025-05-28 05:51:05,Active,Tim Stokes
2025-05-28 05:49:54,Active,Wendy McNish
2025-05-28 05:45:55,Active,Lorissa Garcia
2025-05-28 05:44:22,Active,Anthony Lew-Fatt
2025-05-28 05:40:42,Active,Brian Borowsky🐝🐝
2025-05-28 05:40:14,Active,Steven Kuo
2025-05-28 05:38:08,Active,Lyn Hogben
2025-05-28 05:36:01,Active,Sonja Stubbs-Mills
2025-05-28 05:33:49,Active,Winston Khong
2025-05-28 05:29:59,Active,Jean Balfour
2025-05-28 05:29:34,Active,Kevin MacIsaac
2025-05-28 05:19:45,Active,Sadie Goddard-Wrighton
2025-05-27 06:00:35,Active,Andee Sellman
2025-05-27 05:55:28,Active,Wendy White
2025-05-27 05:52:43,Active,Darren Power
2025-05-27 05:52:11,Active,Claire Golding
2025-05-27 05:44:56,Active,Lindsey Leigh Hobson
2025-05-27 05:39:07,Active,Ingrid Galloway
2025-05-27 05:35:18,Active,Pushpa  V
2025-05-27 05:34:29,Active,Thomas Walker ICF PCC
2025-05-27 05:32:46,Active,Kalvin Smith - PHF
2025-05-27 05:31:38,Active,David Lockwood
2025-05-27 05:26:00,Active,Juliet Dyer
2025-05-27 05:25:28,Active,Robert Ober
2025-05-27 05:21:44,Active,Caspian Smith
2025-05-27 05:21:21,Active,Tori Kopke
2025-05-27 05:20:58,Active,Dennis Carpio
2025-05-27 05:16:49,Active,Cindy  Kennedy
2025-05-26 05:49:20,Active,Evangeline Aston
2025-05-26 05:48:02,Active,Stephen Martin
2025-05-26 05:42:27,Active,Drew Smith
2025-05-26 05:39:05,Active,Ann Liao
2025-05-26 05:37:13,Active,Jarrod Chee
2025-05-26 05:27:33,Active,Verity  Coonan
2025-05-26 05:24:45,Active,Ben Cosford
2025-05-26 05:21:58,Active,Bronwyn Sutton PhD
2025-05-23 05:31:00,Active,Jace Tan
2025-05-23 05:28:21,Active,Anita Fletcher
2025-05-23 05:26:48,Active,Sonia Kohlbacher
2025-05-23 05:26:03,Active,Debra (Deb) Pittam
2025-05-22 05:59:33,Active,Kylee Noble
2025-05-22 05:59:07,Active,Anand Kumar Ramakrishnan
2025-05-22 05:57:04,Active,Tibor Mackor
2025-05-22 05:56:27,Active,Robert Tighe
2025-05-22 05:56:02,Active,Paul Slezak
2025-05-22 05:54:10,Active,Kelly Lawson
2025-05-22 05:43:03,Active,Christine Wehrmeier
2025-05-22 05:41:18,Active,Kristy Bertenshaw
2025-05-22 05:40:07,Active,Sarika Goel
2025-05-22 05:39:05,Active,Maryna King
2025-05-22 05:38:37,Active,Dr. (h.c) Jennifer Lim PN (林美岄）
2025-05-22 05:35:55,Active,Clarisse Petteni
2025-05-22 05:34:26,Active,Christina Canters
2025-05-22 05:31:22,Active,Andrea Gosselink
2025-05-22 05:30:46,Active,Swee Heng Tan
2025-05-21 09:43:54,Active,"Sascha Heinemann, MCC"
2025-05-21 09:37:48,Active,"Yasmine  Khater, CSP"
2025-05-20 10:07:58,Active,"Rebekah Fraser, Professional Certified Coach (ICF)"
2025-05-20 10:02:36,Active,Deb Johnstone
2025-05-20 09:48:47,Active,Samuel Kurian
2025-05-20 09:40:59,Active,"Moana Robinson - Personal Stylist, Life Coach"
2025-05-20 09:28:20,Active,Terence Choo
2025-05-18 09:21:40,Unfollow,Farid Zaki
2025-05-16 04:16:32,Active,Jolynne Rydz
2025-05-16 04:15:29,Active,Jane Taylor
2025-05-16 03:53:53,Active,Jacky Morgan - Leadership Coach
2025-05-16 03:53:35,Active,"Olga Lucia Gamboa Arana PhD, MPsych"
2025-05-16 03:53:18,Active,"Grant Galvin. Coach and Strategic Partner. Holding Space for Leaders, Teams and Systems."
2025-05-16 03:51:49,Active,Maria Pellicano
2025-05-16 03:51:11,Active,Hayley Kyte
2025-05-16 03:42:20,Active,Jenni Schanschieff
2025-05-16 03:41:21,Active,Miriam Wood
2025-05-16 03:38:27,Active,Malti Bhojwani
2025-05-15 00:09:17,Active,Oscar Rodriguez
2025-05-14 08:11:13,Active,Sonja Cronjé
2025-05-14 08:10:31,Active,Louise Foddy
2025-05-14 08:08:42,Active,Christopher Carey
2025-05-14 08:07:51,Active,Aisha Akbar
2025-05-14 08:07:14,Active,Wendy Tansey
2025-05-14 07:54:17,Active,Olav van Rabenswaaij
2025-05-14 07:53:51,Active,Kathy Berkidge
2025-05-14 07:53:05,Active,Carolyn A Rogers
2025-05-14 07:51:56,Active,Shantanu Bhattacharya
2025-05-14 07:44:37,Active,Vyara Bridgeman
2025-05-12 09:22:52,Active,Doug Baxter
2025-05-12 09:00:25,Active,Ben Munro
2025-05-12 08:57:54,Active,George Naumovski
2025-05-09 06:39:08,Active,Mona Momtazian
2025-05-09 06:37:44,Active,Matthew Defina
2025-05-09 06:35:13,Active,Aaron Tait
2025-05-09 06:32:20,Active,Kim Vella PhD
2025-05-09 06:23:40,Active,"Nigel Collin, MBA"
2025-05-09 05:39:48,Active,Stephen Dumpleton
2025-05-09 05:28:48,Active,Claire Kolly
2025-05-09 05:27:49,Active,Eric Song Yi (颂毅) Tan
2025-05-09 05:27:32,Active,Kelly Jade
2025-05-09 05:26:46,Active,Nicolette Louw
2025-05-07 09:14:33,Active,Serene Seng
2025-05-07 09:11:36,Active,Jax Uhi
2025-05-05 08:36:30,Active,Allie Mackay
2025-05-05 08:35:19,Active,Kasi Ramakrishnan  MSc Appl. Neurosci.
2025-05-05 08:30:26,Active,Charlotte Wilkinson
2025-05-05 08:29:47,Active,Rajpreet Singh
2025-05-01 05:04:22,Active,Tzara Attwater
2025-05-01 05:03:22,Active,Evelien Scherp
2025-05-01 05:02:10,Active,Jiunn Harng Yong
2025-05-01 04:58:21,Active,Dr Fatima El-Assaad
2025-05-01 04:54:32,Active,Steve Hunter
2025-05-01 04:45:59,Active,Patrick Oh
2025-04-30 04:55:08,Active,Rachael West
2025-04-30 04:49:36,Active,Nicolas Gallet
2025-04-30 04:47:52,Active,Patricia Reed
2025-04-30 04:32:23,Active,Tristonne Forbes
2025-04-30 04:24:51,Active,Nicole Grubb (Williams/Maher mob)
2025-04-30 04:24:08,Active,Caterina Sullivan
2025-04-30 04:22:53,Active,Daniel de Vries
2025-04-29 01:00:38,Active,Joel Hayward
2025-04-29 00:59:48,Active,NATHAN DARVILL
2025-04-28 06:34:27,Active,Luke Cummins
2025-04-28 06:24:30,Active,Emmy Petersson
2025-04-28 06:22:45,Active,Michael Lewarne
2025-04-25 01:42:20,Active,Claire Elkin
2025-04-25 01:39:48,Active,"Anthony Wilson, MRisk, MBus, GAICD, MRMIA"
2025-04-25 01:36:06,Active,Rola Zaki
2025-04-25 01:33:12,Active,Shayne Hood
2025-04-25 01:27:19,Active,Donna White
2025-04-25 01:26:55,Active,David Hayward
2025-04-25 01:22:21,Active,Matthew J Doyle
2025-04-23 02:51:35,Active,Alan Taylor
2025-04-23 02:40:20,Active,Gary Damp
2025-04-23 02:39:22,Active,Cillín Hearns
2025-04-23 02:31:57,Active,Budi Sudarto
2025-04-22 01:38:27,Active,Karl Aviu AIPA AFA
2025-04-22 01:31:59,Active,Emma Kirkwood
2025-04-22 01:08:43,Active,Elle Steele PLY
2025-04-22 01:05:45,Active,Paul Snedden
2025-04-22 00:55:12,Active,Rebecca Weatherill
2025-04-22 00:44:29,Active,Gita Hettiaratchi
2025-04-22 00:06:37,Unfollow,Aarif H
2025-04-17 06:25:24,Active,Demi Anderson
2025-04-17 06:17:48,Active,David Ross - Strategist for a Fragile World
2025-04-11 01:43:59,Active,Adair Donaldson
2025-04-11 01:41:58,Active,Cristobal Figueroa Adaros
2025-04-11 01:38:08,Active,Jack Zhang CA CTA MTax CICPA
2025-04-11 01:37:15,Active,Matthew Riddle
2025-04-11 01:36:31,Active,Kendall Richardson (FCIPS)
2025-04-11 01:27:14,Active,Sue Billen
2025-04-11 01:26:31,Active,"Julie Weste, Snr Practitioner Coach EIA, ACC, MAPP, MBA"
2025-04-11 01:24:17,Active,Debbie Pask
2025-04-11 01:22:29,Active,Brooke Alexander
2025-04-10 04:11:05,Active,David Key
2025-04-10 04:04:31,Active,Campbell Elton
2025-04-10 03:58:52,Active,Dr. Grace Pei
2025-04-10 03:57:35,Active,"Jocelyn Chong, MBA GAICD"
2025-04-10 03:39:33,Active,Scott Levy
2025-04-10 03:25:02,Active,Richard Young PhD
2025-04-10 03:20:19,Active,Peter Lord
2025-04-10 03:09:50,Active,Carrie Benedet
2025-04-10 03:03:48,Active,Adele Eliseo
2025-04-10 03:00:04,Active,Margaret Beaton
2025-04-07 10:19:08,Active,Lewis Matthews
2025-04-07 10:15:42,Active,Siddharth Jain
2025-04-07 10:08:13,Active,Tamra Johnson
2025-04-07 01:38:08,Active,Charlene Ignacio Chief Problem Solver
2025-04-04 01:27:14,Active,Sayeeda Ashraf
2025-04-04 01:24:42,Active,Matthew Magain
2025-03-20 02:11:13,Active,Dr Paula Smith
2025-03-11 11:45:12,Active,Mounica Veggalam
2025-03-03 02:51:12,Active,Suzanne Ardagh AM
2025-03-03 02:45:36,Active,Adam Albrecht
2025-02-19 04:15:24,Active,Kerstin Heuer 🔥
2025-02-17 02:18:44,Active,Matthew  West
2025-01-29 06:09:38,Active,Janine Stratford  PCC
2024-11-05 05:00:29,Active,Tim Keen
2024-10-31 02:37:03,Active,Luke Campbell
2024-10-31 02:25:27,Active,Margie Hartley
2024-10-31 02:23:41,Active,Tracy Samassa
2024-10-31 02:22:37,Active,Josephine Lanzarone Executive Coach /  Technology B2B Marketing Leader
2024-10-30 02:45:44,Active,Rachel Clissold
2024-10-30 02:38:03,Active,Cynthia Painter
2024-10-30 02:36:52,Active,Lauren Yates
2024-10-30 02:34:13,Active,Lisa McAdams
2024-10-28 03:48:47,Active,Kerri Hansen
2024-10-28 03:48:13,Active,Lachie Samuel Mariu
2024-10-28 03:47:36,Active,Joy Taylor
2024-10-28 03:42:29,Active,Alexandra Hockey-Parmenter
2024-10-28 01:39:28,Active,Ruben Hassid
2024-10-24 02:57:29,Active,Samantha Barr
2024-10-24 02:56:30,Active,Leonie Lam
2024-10-24 02:55:45,Active,Kayvan Kian
2024-10-21 23:46:18,Active,Karen Bremner
2024-10-21 23:45:03,Active,Sally Scott
2024-10-21 23:44:10,Active,Julia Steel
2024-10-21 23:42:09,Active,Erin Searle
2024-10-21 23:41:26,Active,Gabriella Horak
2024-10-21 23:40:54,Active,Jess Griffin FCPHR
2024-10-21 23:40:30,Active,Marwa Rida
2024-10-21 23:38:58,Active,Timothy Nguyen
2024-10-17 02:29:13,Active,Sally Parrish GAICD CSP
2024-10-16 02:13:42,Active,Joanne Fisher
2024-10-16 02:07:03,Active,Sophia Bernard
2024-10-16 02:06:40,Active,Natalia Mimó
2024-10-15 05:01:43,Active,Sarah Jewell
2024-10-15 00:20:57,Active,Tracy Tresidder M.Ed. MCC
2024-10-15 00:20:16,Active,Claire Stewart
2024-10-15 00:19:22,Active,Amie Duignan
2024-10-15 00:13:40,Active,Aleta Keating
2024-10-15 00:06:38,Active,"Janet Tyler, PCC, CMAA"
2024-10-15 00:03:27,Active,Giuliano Tye
2024-10-10 03:48:30,Active,Pamela Young
2024-10-10 03:44:28,Active,Mike Swaby
2024-10-10 03:43:14,Active,Beth O'Leary
2024-10-09 01:33:05,Active,Joris P. Cuesta
2024-10-09 01:31:56,Active,Mal Anderson
2024-10-09 01:31:13,Active,Anne Lyons GAICD
2024-10-09 01:29:31,Active,Stefanie Finkelstein
2024-10-09 01:27:07,Active,Ellie Eckhoff
2024-10-09 01:26:19,Active,Katy Breuer
2024-10-09 01:25:58,Active,"Ken Durbin, PCC"
2024-10-09 01:22:18,Active,Elizabeth Fish
2024-10-09 01:21:42,Active,Gayle Leaver
2024-10-08 00:16:17,Active,John Poulsen
2024-10-08 00:16:03,Active,Cecilia Soh (MAICD)
2024-10-08 00:13:05,Active,Stuart J Barnett
2024-10-07 07:57:20,Active,Rosie Kovacs
2024-10-07 07:55:46,Active,"Elaine Cruise Smith, CHRL"
2024-10-07 07:55:07,Active,Melanie O'Brien
2024-10-07 07:53:06,Active,"Shyla Allard, MBA"
2024-10-07 07:52:07,Active,Sonia Thompson
2024-10-07 07:51:34,Active,Victoria  Crewes
2024-10-07 07:51:08,Active,Cheryle Walker
2024-10-07 07:49:42,Active,Glenda Chi (MAPP)
2024-10-07 07:47:34,Active,Sophia Tremenheere
2024-10-07 07:46:38,Active,Sam Horn
2024-10-07 07:45:42,Active,Seona Craig
2024-10-07 07:44:45,Active,Geoff Hetherington
2024-10-04 08:54:32,Active,Steven Bartlett
2024-10-04 07:11:55,Active,"Silvia Mah PhD, MBA"
2024-10-04 07:09:09,Active,Nicole Edward
2024-10-04 07:08:40,Active,Jana Sanchez
2024-10-04 07:05:37,Active,"Jacqueline Hawk, ACC"
2024-10-04 07:04:07,Active,Alice Graves-Nguyen
2024-10-04 07:03:10,Active,Stuart Andrews
2024-10-04 07:02:53,Active,Rebecca Maher
2024-10-04 07:01:58,Active,Evan Leybourn
2024-10-04 07:01:22,Active,Silviu Cojocaru
2024-10-04 06:55:29,Active,Michal Styk
2024-10-02 02:40:49,Active,David Lunken
2024-10-02 02:37:38,Active,"Jennifer Mercier, PCC, MBA"
2024-10-02 02:36:46,Active,Bruce Eckfeldt
2024-10-02 02:28:01,Active,Patrick Wong
2024-10-02 02:27:41,Active,Karl Delaney
2024-10-02 02:27:21,Active,Kristen Hansen
2024-10-02 02:23:11,Active,"Natalie Thompson BSc(Hons) Psychology, MBA,Grad IPM, MAICD"
2024-10-02 02:21:30,Active,Lata Hamilton
2024-10-02 02:21:20,Active,Michael Bates
2024-10-02 02:18:12,Active,Ryan Gonsalves
2024-10-02 02:17:36,Active,Damian Parkes
2024-10-02 02:16:43,Active,Ivy Maria Kodjovi
2024-10-02 02:15:34,Active,Lindsay Brown
2024-10-02 02:14:00,Active,"Sandra Ciavarella, ACC"
2024-09-30 01:00:12,Active,Yvonne Hilsz
2024-09-30 00:59:45,Active,"Maree O'Flaherty MBA, FIML, AMICDA"
2024-09-25 03:16:14,Active,"Ilhiana Rojas Saldana, ACC, CDVC"
2024-09-25 03:14:29,Active,Riley McGhee
2024-09-25 03:12:41,Active,Kerri Twigg
2024-09-25 02:45:24,Active,"Jill Kirson, MA, Ed.S., PCC (MCC Eligible) ACG"
2024-09-25 02:44:33,Active,Peter McLean
2024-09-24 05:02:44,Active,Cecilia Gibson
2024-09-24 05:01:52,Active,Viveka von Rosen
2024-09-24 05:01:26,Active,Julie Mathern
2024-09-24 05:00:34,Active,"Angie Johnson, MS"
2024-09-24 04:59:17,Active,Leila Ansart
2024-09-24 04:57:37,Active,John Dougan
2024-09-24 04:53:45,Active,Wendy Marx
2024-09-24 04:51:45,Active,Michelle Florendo
2024-09-24 04:50:31,Active,Lawrence Huey
2024-09-24 04:50:00,Active,Kristin Vierra
2024-09-24 04:48:49,Active,"Ela Bijlani, CPC, CPA, CGMA💡"
2024-09-24 04:47:54,Active,Joe Lara
2024-09-24 04:46:58,Active,Clara Chorley
2024-09-24 04:45:45,Active,Michelle Cox
2024-09-24 04:45:27,Active,Laura Browne
2024-09-24 04:42:45,Active,"Nina Choi, CPCC, ACC"
2024-09-24 04:42:04,Active,"Nikki Brock-Maruska, CCMP, PCC"
2024-09-24 04:41:19,Active,"Jennifer Nash, PhD"
2024-09-24 04:37:23,Active,"Dawn Frydenlund (Hucke), CPC, ELI-MP, EQ-i, MAOL"
2024-09-24 04:35:20,Active,Ebony Joyce -The Career Clarity Coach 🧐
2024-09-24 04:34:40,Active,Kelli Thompson
2024-09-24 04:33:14,Active,"Nicola Porter, PhD"
2024-09-24 04:31:29,Active,"Aiko Bethea, Esq., PCC (she-her)"
2024-09-24 04:29:42,Active,Rebecca Amin
2024-09-24 04:19:43,Active,"Kurly de Guzman, ICF PCC"
2024-09-24 04:16:55,Active,Alice Esposito
2024-09-24 04:15:25,Active,David Sillick
2024-09-24 04:06:50,Active,James Brown
2024-09-24 03:52:12,Active,Ryna Ghazi
2024-09-18 23:34:09,Active,Dr. Valerie Young
2024-09-17 07:53:41,Active,Karen Livey MBA
2024-09-17 07:52:44,Active,Angela Heise
2024-09-17 07:50:20,Active,Athin Cassiotis
2024-09-17 07:45:56,Active,"Amy Conway, SHRM-SCP"
2024-09-17 07:45:36,Active,Les Lent
2024-09-17 07:44:21,Active,Michael Salicco
2024-09-17 07:43:45,Active,Niell Talbot
2024-09-17 07:43:34,Active,April Arteaga
2024-09-17 07:43:06,Active,Tracy Oswald
2024-09-17 07:42:34,Active,"Catherine Mattice, MA, SPHR, SHRM-SCP"
2024-09-17 07:21:39,Active,Joel Brown
2024-09-17 07:21:01,Active,William Munroe
2024-09-17 07:19:41,Active,Jason Treu
2024-09-17 07:19:05,Active,Adrian Law
2024-09-17 07:18:30,Active,Jessica Hetherington
2024-09-17 07:18:08,Active,Cathy Compton
2024-09-17 07:17:16,Active,Teresa Bartels
2024-09-17 07:15:39,Active,Julie McFall
2024-09-17 07:15:20,Active,"Amy W. Throw, MSOD"
2024-09-17 07:14:42,Active,"Nic Amos, CIPM"
2024-09-17 07:13:56,Active,Kristine Aller
2024-09-17 07:13:16,Active,"Carlo Bos, M.Ed., PCC, CPCC"
2024-09-17 07:12:07,Active,Sandra Dillon
2024-09-17 07:05:00,Active,Stevanne van der Velden
2024-09-16 12:45:11,Active,Dan Martell
2024-09-13 07:08:37,Active,William Choi
2024-09-13 07:06:32,Active,Alan Ruchtein
2024-09-13 07:06:08,Active,Justin Fowler-Lindner
2024-09-13 06:12:01,Active,Sarah Thorpe Scott
2024-09-13 06:11:39,Active,Alison Hewitt
2024-09-13 06:10:24,Active,Nicholas King
2024-09-13 06:09:56,Active,Ágnes Galambos
2024-09-13 06:08:23,Active,Susan Crane
2024-09-13 06:07:35,Active,Christopher A
2024-09-13 06:06:14,Active,Andrae Smith
2024-09-13 06:05:28,Active,Samantha Jayne
2024-09-13 06:03:50,Active,Vannessa McCamley
2024-09-13 01:46:56,Active,Isabella Bedoya
2024-09-13 01:42:14,Active,Max Rascher
2024-09-13 01:38:14,Active,Adam Biddlecombe
2024-09-13 01:31:08,Active,Belen Wagaw 💬
2024-09-13 01:16:51,Active,Chris Ritson
2024-09-13 01:15:37,Active,Nick Broekema
2024-09-13 01:15:15,Active,Lara Acosta
2024-09-13 01:12:42,Active,Richard van der Blom
2024-09-13 01:06:33,Active,Luke M
2024-09-11 07:08:08,Active,Kris Cochrane
2024-09-11 07:06:27,Active,David Walker
2024-09-11 07:06:01,Active,Kim Wagner
2024-09-11 07:04:26,Active,Vaughan Paynter
2024-09-11 07:01:46,Active,Nikki Evans
2024-09-11 06:59:09,Active,Catherine Harris
2024-09-11 06:58:33,Active,Jeni Clift
2024-09-11 06:58:23,Active,Elina Winnel
2024-09-11 06:55:38,Active,Zeta Yarwood
2024-09-11 06:55:12,Active,Jane Jackson
2024-09-10 13:15:51,Active,Thea Yuan
2024-09-04 23:22:40,Unfollow,Jesse Mauck
2024-09-04 01:06:11,Active,Mim Beim
2024-09-04 01:04:37,Active,Michael Schiffner
2024-09-04 01:03:25,Active,Jonathan Ryan
2024-09-04 01:02:31,Active,Craig Smith
2024-09-04 01:01:45,Active,Anton van der Walt
2024-09-04 01:00:33,Active,Sally McGrath
2024-09-04 01:00:08,Active,Susan Ingall
2024-09-04 00:58:51,Active,Emily Jaksch
2024-09-04 00:56:19,Active,Karen Clark
2024-09-04 00:54:59,Active,Tim Parsons
2024-09-04 00:54:30,Active,Dr Cathryn Lloyd
2024-09-04 00:53:01,Active,Samantha Garden
2024-09-04 00:52:34,Active,Edward Plant
2024-09-04 00:51:42,Active,Sean Triner
2024-09-04 00:50:55,Active,Sean Grealy 💰🪓
2024-09-04 00:49:51,Active,Meredith Wilson
2024-09-04 00:49:06,Active,Richard Duncan
2024-09-04 00:48:22,Active,Sam Keats
2024-09-04 00:48:06,Active,Michael Bradley
2024-09-04 00:46:59,Active,Nathan Baird
2024-09-04 00:45:45,Active,Karlin Sloan
2024-09-04 00:08:49,Active,Christie Little
2024-09-04 00:07:42,Active,Juliette Robertson
2024-09-04 00:07:11,Active,Georgina Orchard
2024-09-04 00:06:21,Active,Ildi Racz-Prosser
2024-09-04 00:06:10,Active,Maja Paleka
2024-09-04 00:04:23,Active,Graciela Ramon Michel
2024-09-04 00:03:37,Active,Emma Hannel
2024-09-02 08:21:39,Unfollow,Andrew Duong
2024-09-02 08:21:30,Active,Raul Kumar
2024-09-02 08:18:44,Active,Colin Cardwell
2024-09-02 08:16:56,Active,Craig Cant
2024-09-02 08:16:43,Active,Frances Russell
2024-09-02 08:16:37,Active,Jonathan McFarlane
2024-09-02 08:16:11,Active,Lynne Johnston
2024-09-02 08:14:46,Active,Peter Nankervis
2024-09-02 08:14:24,Active,Rade Bogdanovic
2024-09-02 08:00:27,Active,Nicholas Schaffer 🎗️
2024-09-02 07:59:34,Active,Laura Rush
2024-08-28 03:12:39,Active,Rachel Mehaffey
2024-08-28 03:11:53,Active,Mark Butler 🇮🇪 🇦🇺
2024-08-28 00:12:15,Active,Darren Challis
2024-08-27 23:45:47,Active,Stacey Copas
2024-08-27 23:41:50,Active,Linley Watson
2024-08-27 23:40:04,Active,Dayna Edwards
2024-08-26 08:16:45,Active,Nigel Donovan
2024-08-26 08:13:35,Active,Barbara Meister GAICD
2024-08-26 08:11:16,Active,Jody Michelle Perry
2024-08-26 08:10:06,Active,Kara Ronin
2024-08-26 08:09:07,Active,Enrique Mackenzie
2024-08-26 08:07:33,Active,Ged Roberts
2024-08-26 08:06:37,Active,Fiona Bigelli
2024-08-26 08:06:21,Active,Michelle Crouch
2024-08-26 08:06:07,Active,Jason Sharpe
2024-08-26 08:03:43,Active,Katie Gordon - Women's Personal Health Leadership™ Dietless Living®
2024-08-26 08:02:34,Active,Vanessa Raso
2024-08-26 08:02:10,Active,Claire Harrison
2024-08-26 07:59:50,Active,Ro Gorell
2024-08-26 07:08:02,Active,Caroline  De Kimpe
2024-08-26 07:07:34,Active,Kathryn Maggs
2024-08-26 07:06:04,Active,Jonathan Millen
2024-08-26 07:05:04,Active,Nancy Wehnert
2024-08-26 07:04:49,Active,Amy Materka
2024-08-19 03:13:40,Active,Susan Greene
2024-08-19 02:25:41,Active,Valerie Miller
2024-08-19 02:24:10,Active,Rachael Shaw
2024-08-19 01:39:29,Active,Sonali Dsilva
2024-08-19 01:39:08,Active,Amy Jackson
2024-08-19 01:38:28,Active,Greg Campbell
2024-08-19 01:36:53,Active,Mark Powell
2024-08-19 01:35:39,Active,Soojin Kwon
2024-08-19 01:35:23,Active,Scott Mann
2024-08-19 01:35:08,Active,Sarah Chan
2024-08-19 01:34:33,Active,"Scott Burns, ACC"
2024-08-19 01:34:04,Active,Natasha McNamara
2024-08-19 01:32:16,Active,Richard LeBoon PhD PCC
2024-08-19 01:31:47,Active,"Anne Steen, M.Ed, PCC"
2024-08-19 01:31:14,Active,Lee Anne C. Maki
2024-08-17 23:40:38,Active,Pedro Jerez
2024-08-15 05:27:36,Active,Dex Randall
2024-08-15 05:26:25,Active,Adam Detwiler
2024-08-15 05:26:03,Active,Robert  Zammit (GAICD)
2024-08-15 05:24:29,Active,Greg Dixon
2024-08-15 05:21:12,Active,"Bridget Cobb, ACC, ELI-MP"
2024-08-15 05:19:34,Active,SELINA RYAN
2024-08-15 05:15:26,Active,Teri Kelly
2024-08-15 05:11:12,Active,Sophie Montgomery
2024-08-15 05:11:00,Active,Vashti Whitfield
2024-08-15 05:10:13,Active,Jennifer Roach
2024-08-14 02:40:52,Active,Greg Tye
2024-08-14 02:38:15,Active,"Jennie Hill, MCC"
2024-08-14 02:35:20,Active,"Constantine Pappas, MBM"
2024-08-13 01:43:48,Active,Charmaine Coglan
2024-08-13 01:42:26,Active,Caryn Cridland
2024-08-13 01:42:17,Active,"Madeleine Shaw GAICD, PCC"
2024-08-13 01:39:51,Active,Kerry  Rosser
2024-08-13 01:39:08,Active,Clare Robinson
2024-08-13 01:38:02,Active,Susan Ferrier
2024-08-13 01:31:02,Active,Dan Bessant
2024-08-12 08:57:13,Active,Paul Di Michiel
2024-08-12 08:56:52,Active,Endi Frydman
2024-08-12 08:55:57,Active,Lynda Bundock
2024-08-12 08:54:43,Active,Mike Brissenden
2024-08-12 08:53:50,Active,Julia Rozo
2024-08-12 08:51:29,Active,Jasmine Smith
2024-08-12 08:51:09,Active,Kamila Wolyniec
2024-08-12 08:50:16,Active,Sangeeta Pilger
2024-08-12 08:49:24,Active,Renata Bernarde
2024-08-12 08:49:05,Active,Nikki Smith
2024-08-12 08:48:01,Active,Caroline Donohue
2024-08-12 08:45:53,Active,Hannah Kissel
2024-08-12 08:44:41,Active,Michelle Mancini
2024-08-12 08:43:54,Active,Leonie Stanfield  RPCDP
2024-08-12 08:43:36,Active,Robin DeLucia
2024-08-12 04:26:51,Active,Veronica Mason
2024-08-12 04:24:15,Active,Marcelo Bacchi
2024-08-12 04:22:48,Active,Dr Antoinette Braks PhD MCC
2024-08-12 04:18:49,Active,Denise Schelbergen
2024-08-12 04:17:19,Active,Karen Williams
2024-08-12 04:16:54,Active,Robyn Ratcliff
2024-08-12 04:08:49,Active,Bill Cuneo
2024-08-12 04:08:03,Active,Kristen Russell
2024-08-12 04:06:55,Active,Maciek Fibrich
2024-08-09 08:10:04,Active,Shelley Flett
2024-08-09 08:09:14,Active,Frederico Panise
2024-08-09 08:09:00,Active,Robert Cugno
2024-08-09 08:08:50,Active,"Karen  Freedman, PCC, MSc,MA, BA(Hons)"
2024-08-09 08:08:35,Active,Cherie Mylordis
2024-08-09 08:08:25,Active,Denise Archie
2024-08-09 08:00:42,Active,Rebecca Kornmehl
2024-08-09 08:00:35,Active,Helen Martin
2024-08-09 07:59:42,Active,Jane Hemingway-Mohr
2024-08-09 07:59:13,Active,Stephanie Bassett
2024-08-09 07:58:36,Active,Jonathan Stern
2024-08-09 07:58:19,Active,Linda Murray
2024-08-09 07:57:30,Active,Jo Wise
2024-08-09 07:54:30,Active,Yvonne Cohen
2024-08-07 03:51:32,Active,Irina Burgess
2024-08-07 03:48:08,Active,John Andrew Williams
2024-08-07 03:47:35,Active,Sue Tsigaros
2024-08-07 03:44:26,Active,Dr. Lydia Moussa
2024-08-07 02:46:08,Active,Amy Little
2024-08-07 02:44:55,Active,Shandra Moran
2024-08-07 02:44:23,Active,Carli Leimbach
2024-08-07 02:44:15,Active,Miranda Murray
2024-08-07 01:09:52,Active,Catherine Nolan
2024-08-07 01:09:00,Active,Claire Alexander
2024-08-07 01:08:09,Active,Liz Welshman
2024-08-07 01:04:28,Active,Catherine Robertson
2024-08-06 02:40:32,Active,Victoria  Howard-McRae
2024-08-06 02:37:48,Active,Andrew McIver
2024-07-31 07:39:02,Active,Suzanne Salter
2024-07-29 01:51:59,Active,Harry Morton
2024-07-26 02:23:39,Active,Trudi Boatwright
2024-07-26 02:21:31,Unfollow,Eva McArdle
2024-07-26 02:20:29,Active,Emma Collett
2024-07-26 02:20:03,Active,"Jenny Hatton, ACC"
2024-07-25 00:21:23,Active,Danielle Howe
2024-07-24 02:30:46,Active,Louise Sparkes
2024-07-22 06:52:14,Active,Sally Watson
2024-07-22 06:52:11,Active,Christine Beard
2024-07-01 06:55:53,Active,Alicia Partridge
2024-04-11 08:08:19,Unfollow,Mika Hayashi
2024-03-22 01:13:11,Active,Evnike Yardley MAICD
2024-02-28 21:30:46,Active,"Abrihet Imara, CPC, MCC, CBT, NLP"
2024-02-28 21:30:36,Active,Robyn Gifford
2024-02-28 21:30:31,Active,Josh Campbell
2024-02-28 21:28:10,Active,Brian Phillips
2024-02-28 21:27:32,Active,Tim • • Dickey
2024-02-28 21:27:01,Active,Manish Prasad
2024-02-28 21:26:39,Active,Tony Slattery
2024-02-21 18:22:23,Active,"Moira (Missy) McNabb, JD, ACC"
2024-02-01 00:36:14,Active,Tracy Timbs
2024-02-01 00:35:41,Active,"Alan Hough, GMAICD AICGG"
2024-02-01 00:27:53,Active,Kerryn Powell
2024-02-01 00:24:20,Active,Margaret (Mags) Hanley
2024-01-30 07:37:54,Active,Dustin Fenton
2024-01-18 03:24:31,Active,Liam Mills-Bishop
2024-01-18 02:15:03,Active,Birgitta Ravenhill
2024-01-16 23:29:00,Active,Aden R Carter
2024-01-16 06:38:17,Active,Fawziah Bhatia
2024-01-09 07:20:44,Active,Anne Pao
2024-01-09 07:05:00,Active,"Patti P. Phillips, Ph.D."
2024-01-09 06:35:59,Active,Darryl Verma
2024-01-09 06:32:39,Active,Ben Richardson GAICD
2024-01-09 06:29:16,Active,Jonathan M. Estes
2023-12-15 05:17:46,Unfollow,Dr Stephen Morse
2023-12-06 23:27:36,Active,Carmen Marsh
2023-12-05 15:35:03,Active,"Kandis Porter, MSPM, MBA, PMI-PMOCP, PMP"
2023-11-10 15:40:42,Active,Jenn Moyer-Smith
2023-10-29 07:58:20,Active,Caron Yep
2023-10-13 02:55:35,Active,"Cecilia Thompson (Madison), PCC, SPHR, SHRM-SCP"
2023-10-04 08:17:05,Active,Ingrid van der Aa
2023-10-04 02:01:04,Active,Howard Elliott
2023-09-28 21:39:16,Active,Jane Sendall
2023-09-25 07:59:29,Active,Matthias Beach
2023-09-24 23:53:44,Active,Tina Marie St.Cyr
2023-09-22 11:27:59,Active,"Liz Doyle Harmer, PCC, CPCC, MBA"
2023-09-21 07:09:29,Active,Sara Sheehan
2023-09-21 01:06:30,Active,Z. Lisa Potter
2023-09-18 16:51:16,Active,Santiago (Santi) Jaramillo
2023-09-13 14:28:09,Active,"Ruth Kilgore, MBA, MSOD, ACC"
2023-08-31 21:35:15,Active,Sandra P. Buteau
2023-08-25 09:06:38,Active,Layne Mielke
2023-08-20 18:35:09,Active,Rich Hazeltine
2023-08-04 16:09:37,Active,"Marnie Ewing, PCC, MBA"
2023-07-18 14:53:34,Active,Beth  Falletta
2023-07-10 20:08:38,Active,"Chris Holliday, ACC"
2023-07-06 18:06:38,Active,"Mary McNevin, Ed.D., PCC"
2023-06-20 13:53:23,Active,Gretchen Rickards
2023-06-07 22:29:08,Active,"Patricia (Trish) Cotter, Ed.D., iPEC CPC, ICF ACC"
2023-06-07 11:21:16,Unfollow,Jasper Dwight Ancheta
2023-05-24 09:55:26,Active,Gina Bell
2023-05-05 21:40:03,Unfollow,Sukumar Bishwas
2023-04-25 19:16:15,Active,"Amanda B.  Fisher, PCC"
2023-04-14 05:00:05,Active,"Julie Lines MBA, Master Executive Coach, PCC"
2023-04-04 17:10:12,Active,"Robin L. Owens, Ph.D."
2023-04-03 07:52:44,Active,Norman Rodriguez
2023-02-17 08:08:36,Active,"Michael Neuendorff, PCC"
2023-01-25 06:04:50,Unfollow,Karen Tisdell
2023-01-16 05:02:03,Active,Chester Elton
2022-12-16 09:37:09,Active,Lynne Kendall (LK TOMMI)
2022-11-29 08:03:47,Active,Leila Hormozi
2022-11-09 03:26:43,Active,Evan Roth   MCC
2022-11-09 02:53:51,Active,Richard Butler
2022-11-09 02:30:35,Active,"Andrew Grinbaum, MS, ACC"
2022-11-09 02:27:28,Active,Kathryn Jackson
2022-11-09 02:08:18,Active,🌏 Megan Tait
2022-11-09 02:04:13,Active,"Robert Pasick, Ph.D"
2022-11-09 01:20:55,Active,Deidre Akaloo (SHRM-SCP)
2022-11-09 01:20:29,Active,Heather Clayton  Terry
2022-11-09 01:01:04,Active,"Tamara Skye,  M.B.A. ICF-ACC 💠"
2022-11-09 01:00:45,Active,Niels Gott
2022-11-09 00:52:19,Active,"Paul Gaskell,  MBA PCC"
2022-11-09 00:37:38,Active,"Colleen Albiston, PCC. MBA"
2022-11-09 00:28:28,Active,Martin Hassan
2022-11-09 00:18:58,Active,"Rachel  Moore, LCSW"
2022-11-09 00:18:33,Active,Dr. Dionne Kress
2022-11-09 00:06:25,Active,Veronica L. Matthews
2022-11-08 23:36:17,Active,"Sasha Stair, CMB®"
2022-11-08 23:16:36,Active,Meryl Simmons
2022-11-08 22:53:30,Active,Florence Thum
2022-11-08 22:53:16,Active,Ellen Petry Leanse
2022-11-08 22:50:51,Active,Megan Robinson
2022-11-08 22:34:50,Active,"John Ramstead, CPLC, ACC"
2022-11-08 22:31:37,Active,Olgierd (Olo) Swida
2022-11-08 22:23:45,Active,Elias Kanaris (MInstD)
2022-11-08 22:10:49,Active,"Renata Skawina, ICF PCC, CPCC"
2022-11-08 22:10:45,Active,"Lori Ross, MBA, PCC, BCC"
2022-11-08 22:07:16,Active,"Carmela Bennett, EdD,LMHC, SEP, CASAC"
2022-11-08 22:05:26,Active,Josh Donovan
2022-11-08 22:04:19,Active,Priya-Marie Robert
2022-11-08 21:54:12,Active,"Robin Altman B. Comm., ACPC, PCC"
2022-11-08 21:44:50,Active,Jason White
2022-11-01 00:02:12,Active,Alex Hormozi
2022-10-27 04:33:35,Active,Shawn Hunt
2022-10-27 04:07:08,Active,Jake Fuz
2022-10-27 03:58:45,Active,Shmuel Reichman
2022-10-27 03:57:36,Active,Nick Scarabosio
2022-10-27 03:51:24,Active,Sarah Godbout
2022-10-26 02:22:57,Active,Noah  Koff
2022-10-26 01:43:20,Active,James Lopata
2022-10-25 22:54:21,Active,Kristi Russell
2022-10-25 21:29:33,Active,Betsi  Rosen
2022-10-25 20:05:54,Active,"Amelia Mimi  Brown, CSP"
2022-10-25 19:52:56,Active,Stacy Raske
2022-10-25 19:44:35,Active,Rory Sheppard
2022-10-25 19:13:21,Active,Chester Santos Int’l Man of Memory
2022-10-25 19:02:30,Active,"Stephanie Nicole, CDE®, BA, MHI"
2022-10-24 20:01:09,Active,Halinka Panzera
2022-10-24 19:05:05,Active,"Heather Esposito, CPA, M.Ed, PCC, SPHR"
2022-10-24 18:53:06,Active,Stephen Kao
2022-10-24 18:39:11,Active,Emma Collyer
2022-10-24 18:30:40,Active,Mahesh M. Thakur Executive Coach for CEOs and C-Suite Leaders
2022-10-24 18:28:57,Active,Alessandra Morrison
2022-10-24 18:02:20,Active,"Stephen W. Jones, MS, PCC, C-TAGME"
2022-10-24 17:45:53,Active,Laura Bierema
2022-10-24 13:13:13,Active,"Sharon Melnick, Ph.D."
2022-10-24 07:33:49,Active,Jeana Marinelli
2022-10-23 23:35:23,Active,Judith Jamieson
2022-10-23 09:42:41,Active,Angela Gala Gonzalez
2022-10-23 05:53:20,Active,Ginny Hunt
2022-10-23 03:39:36,Active,Javier Fonseca
2022-10-23 03:27:35,Active,Ghita Filali
2022-10-22 20:46:24,Active,Darryl Mobley
2022-10-22 19:46:28,Active,"Suzanne Marie OBrien, CPCC, MBA"
2022-10-22 18:34:41,Active,Steve Chaparro
2022-10-22 10:54:05,Active,Sachin Wadhawan
2022-10-22 08:52:51,Active,Helen Churko-Speaker Coach / Talent Consultant
2022-10-22 07:24:43,Active,"Christopher Donaleski, CEC"
2022-10-22 02:47:24,Active,"Jennifer Conti-Davies, MA, PCC"
2022-10-21 19:24:58,Active,Maureen (MOE) Daniels
2022-10-21 17:50:58,Active,Bobbie Goheen - Executive Coach Advanced Management
2022-10-21 15:32:02,Active,Chad Myers
2022-10-21 03:17:27,Active,Demetria Sloan
2022-10-21 03:16:38,Active,"Kermit Jones, Jr., PCC"
2022-10-21 02:19:53,Active,"Tenice Wehmeyer, PCC, PHR"
2022-10-21 02:19:13,Active,"P.C. \"Hoop\" Roche"
2022-10-21 01:40:05,Active,Kathleen Mulligan
2022-10-21 01:07:38,Active,AJ Thomas ⚡️
2022-10-19 19:55:36,Active,"Shannon Tran, Ph.D."
2022-10-19 19:32:07,Active,June Wee-Grant (ICF-ACC)
2022-10-19 18:53:42,Active,"Dr. Mindy L. Gewirtz, MCC"
2022-10-19 18:34:08,Active,Rukiya Robinson
2022-10-19 16:10:22,Active,"Melissa “Skeeter” Gentile, CPC, ELI-MP"
2022-10-19 14:50:39,Active,Rob Balaam
2022-10-19 13:43:52,Active,Phillip Bonser
2022-10-19 13:41:35,Active,Brian Rollo
2022-10-19 13:37:27,Active,Thomas W. Strehle
2022-10-19 13:12:04,Active,"Shera R. Sever, M.Ed-OLC, CPC, CCM"
2022-10-19 11:00:43,Active,Richard Murby
2022-10-19 09:09:24,Active,Alan Derek Utley
2022-10-19 08:29:45,Active,Hayden  Lee MCC
2022-10-19 07:18:04,Active,Rachael O'Meara
2022-10-19 07:14:12,Active,"Michelle Pijuan, MBA"
2022-10-19 07:07:27,Active,"Dana Crawford, MBA, MCC"
2022-10-19 06:59:40,Active,Jill D. Griffin
2022-10-19 06:56:44,Active,May Samali
2022-10-19 06:30:32,Active,John H. Burt
2022-10-19 00:59:20,Active,"Heidi Alexander, JD, MSLOD, PCC"
2022-10-19 00:17:37,Active,Leila Bulling Towne
2022-10-18 23:44:32,Active,Dara Richardson-Heron M.D.
2022-10-18 23:41:00,Active,"Joe Liss, Executive Coach, CPA, DiSC, NLP"
2022-10-18 23:32:12,Active,Lisa Kramer
2022-10-18 23:30:39,Active,Tom Killen
2022-10-18 23:17:21,Active,"Teresa M Johnson MA, LPC"
2022-10-18 23:11:53,Active,Shawn Lacagnina
2022-10-18 23:03:31,Active,Jill Harris Helmer
2022-10-18 22:50:46,Active,"Andrew Gordon-Kirsch, MS"
2022-10-18 22:21:01,Active,Marilyn Thorpe
2022-10-18 22:19:51,Active,Michelle Awuku-Tatum
2022-10-18 22:19:26,Active,Seth Schmidt
2022-10-18 21:57:57,Active,Amy Haworth
2022-10-18 21:55:58,Active,David Pan
2022-10-18 21:48:36,Active,Patrice Ciccarelli
2022-10-18 21:22:23,Active,"Kathleen Meehan ACC, RCPC"
2022-10-18 21:13:47,Active,"Sue Erickson, MSLS, PCC"
2022-10-18 21:12:25,Active,Lauren Malach
2022-10-18 21:07:17,Active,"Dimitria L. Cook, ACC"
2022-10-18 21:02:23,Active,Steven Miyao
2022-10-18 20:59:51,Active,"Nancy Karas, MS, Organizational Change"
2022-10-18 20:55:35,Active,"Svetlana Dimovski, PhD, PCC, NBC-HWC"
2022-10-18 20:42:25,Active,"Lisa J. Kuruvilla PMP, MCC, CMC, CEC"
2022-10-18 20:32:30,Active,Matthew Evans
2022-10-18 20:14:05,Active,Kelly Ling
2022-10-18 19:56:52,Active,Jeff Newkirk
2022-10-18 19:52:10,Active,"Kristin Campbell, PhD, PCC, BCC, ACPEC"
2022-10-18 19:48:55,Active,Margo Myers
2022-10-18 19:47:18,Active,Louise Lee
2022-10-18 19:43:50,Active,"Tiffany Jones, ICF® ACC"
2022-10-18 19:36:18,Active,"Hind Farag, MBA, PCC, CEC"
2022-10-18 19:33:41,Active,Cindy Drake
2022-10-18 19:33:11,Active,Janeen Shaffer
2022-10-18 19:26:10,Active,"Heidi (Gilcher) Sadecky, MA, PCC, CEC"
2022-10-18 19:25:28,Active,"Shivani Bhasin (MBA, MCC, EMCC Senior Practitioner)"
2022-10-18 19:22:22,Active,Christina Clinton
2022-10-18 19:14:54,Active,June W Choi
2022-10-18 19:09:51,Active,Marion Riehemann MCC
2022-10-18 19:08:48,Active,Melanie Espeland
2022-10-18 19:06:41,Active,Agnes Yee
2022-10-18 19:04:26,Active,Tameka Williamson
2022-10-18 18:48:57,Active,"Mary B. Simon, M.S., PCC, C-IQ"
2022-10-04 00:11:04,Active,Checree Bryant
2022-10-03 23:59:19,Active,Jennifer Wescott
2022-10-03 23:53:17,Active,"Dr. Gina Lepore, MBA, PMP, PCC"
2022-10-03 23:25:48,Active,"Charlene Birk, MA, PCC"
2022-10-03 23:18:41,Active,Susan  Mahoney
2022-10-03 23:07:56,Active,Dianne Shorté
2022-09-30 04:01:15,Active,"Sandhya Johnson, PhD."
2022-09-29 00:51:55,Active,JONATHAN McCREADY
2022-08-23 05:31:57,Active,"Emily Nichols-Mitchell, MBA"
2022-08-23 05:29:14,Active,"Susan Baroncini-Moe, M.A."
2022-08-23 05:28:18,Active,Damian G. Zikakis
2022-08-23 05:23:55,Active,"Shelli K. Trung, NACD.DC"
2022-08-23 04:29:22,Active,Patrick Frazier
2022-08-22 06:33:19,Active,Keri Aaver
2022-08-22 06:18:24,Active,Paul Inselman
2022-08-22 06:16:22,Active,"Carmelina Piedra, MDes and CPF"
2022-08-22 06:09:04,Active,Jane Counsel
2022-08-19 04:52:20,Active,Marty Maddin
2022-08-19 04:47:58,Active,Ephraim Schachter
2022-08-19 04:46:10,Active,Anthony Gargiulo Jr
2022-08-19 04:42:21,Active,"Marietta (Austin) Stalcup, MBA"
2022-08-18 06:07:10,Active,Linda Glass (she/her)
2022-08-18 06:05:46,Active,Tihanna Louise
2022-08-18 05:54:59,Active,Michael OBrien (He/Him) 🚴‍♂️
2022-08-18 05:23:20,Active,"Joanne Schlosser, FACHE, MBA, PCC, SPHR"
2022-08-17 07:53:43,Active,Jon Sleeper
2022-08-17 07:52:00,Active,Helen Martin MSc. CBP
2022-08-17 07:50:55,Active,"Suparna Malhotra, MBA, CPCC"
2022-08-17 07:49:39,Active,"Lorna Clarke, PCC"
2022-08-17 07:41:50,Active,"Dan Grisoni, B.A., FCPC, PCC"
2022-08-16 03:34:56,Active,"Danielle Moser, MCC - Leadership Strategist"
2022-08-16 03:33:03,Active,Doris Aguirre
2022-08-16 03:31:44,Active,"Dr Yvonne Thompson CBE DL FCL, RSA, RA, SGCW,KCL NED"
2022-08-16 03:29:12,Active,Sven Gade
2022-08-16 03:27:51,Active,"Kevin Tucker, MA, PCC, MCD, CCM"
2022-08-16 03:23:42,Active,"Ali Dunn, CPCC"
2022-08-16 03:21:26,Active,Julia Korn
2022-08-16 03:20:49,Active,"Lori Harris (MBA, PCC, PM)"
2022-08-16 03:13:58,Active,Agata Domond
2022-08-15 03:49:56,Active,"Aaron Vasant, MBA"
2022-08-15 03:49:03,Active,Andrea Mackintosh
2022-08-15 03:46:32,Active,Kameron Lovelace
2022-08-15 03:41:31,Active,Iain Wilkie
2022-08-15 03:39:06,Active,"Naomi Osei, MBA"
2022-08-12 07:12:18,Active,"Tabitha  Person, MBA, PCC"
2022-08-12 07:05:27,Active,Dr. Kandy Windom
2022-08-12 07:03:10,Active,Ani Manian
2022-08-11 02:54:47,Active,Ronit Ranjan
2022-08-11 02:49:52,Active,Jim Swan
2022-08-11 02:44:07,Active,Ngan Nguyen
2022-08-10 02:52:00,Active,Paul Tripp
2022-08-10 02:49:40,Active,Brian Patrick Cork
2022-08-10 02:45:07,Active,Andrea Dale
2022-08-10 02:43:15,Active,Kristen Gielow
2022-08-10 02:13:30,Active,Ranieka Weston
2022-08-10 02:07:22,Active,"Mike Horne, Ph.D."
2022-08-10 02:04:01,Active,Ann Vanino
2022-08-09 02:47:34,Active,"Richard Edge MBA, FCIPD, LLB"
2022-08-09 02:43:13,Active,"Jeremy Kestler, ACC MBA"
2022-08-09 02:40:59,Active,Kimberly Giddens
2022-08-09 02:38:31,Active,Debra Sunderland
2022-08-09 02:35:26,Active,"Sandy Lewis, MAPP, PCC"
2022-08-09 02:33:59,Active,Rob Pickering
2022-08-09 02:20:02,Active,"Lisa Medley ACC, BCC"
2022-08-08 08:37:47,Active,Anita  Kanti
2022-08-08 08:37:05,Active,Thomas Johnson
2022-08-08 08:34:16,Active,Emily L. Pasnak-Lapchick
2022-08-08 08:30:39,Active,Julie Couret
2022-08-08 08:29:05,Active,Joseph Yeh 🖤💛🤎
2022-08-08 08:05:04,Active,"Steven Feinberg, PhD"
2022-07-11 03:10:23,Active,"Jim Sniechowski, PhD"
2022-06-22 00:53:52,Active,Mickey McManus
2022-03-28 05:01:22,Active,Michelle Ridsdale
2022-03-28 04:59:54,Active,Caroline New
2022-03-28 04:56:26,Active,Nora Paxton
2022-03-28 04:55:56,Active,Denise O'Neill
2022-03-28 04:55:36,Active,Dan Hoover
2022-03-28 04:55:12,Active,Ally Jones
2022-03-25 01:25:50,Active,Sepideh Ford
2022-03-25 01:25:20,Active,"Daron Shepard,  M.A."
2022-03-25 01:23:21,Active,"Alan Heymann, JD, PCC"
2022-03-25 01:20:40,Active,John  Volturo
2022-03-25 01:19:36,Active,Luciana Nunez
2022-03-25 01:19:00,Active,Jana Rucker
2022-03-25 01:17:59,Active,Sunitha Narayanan
2022-03-25 01:16:17,Active,Tomas Bruun ✔
2022-03-25 01:15:33,Active,Dr. Karen Semien-McBride (s/he/r/s)
2022-03-25 01:15:00,Active,David Shawn Smith
2022-03-25 01:11:57,Active,"Laura Gonzalez - MS, CHJMC, CCTC"
2022-03-18 02:51:52,Unfollow,Christine Khor
2022-02-03 23:45:43,Active,Adam Grant
2021-05-20 03:06:03,Active,Simon Sinek
2021-05-16 08:03:16,Active,Patrick Burns
2021-05-13 21:18:22,Active,Jerry Lee 💡
2021-05-10 22:02:09,Active,Julian Shapiro
2021-05-06 22:10:48,Active,Sarah Johnston
2021-04-29 08:58:55,Unfollow,Nour Innovation
2021-04-22 06:24:25,Active,Caroline Fairchild
2021-04-22 06:19:11,Active,Ester Martinez
2021-04-22 02:13:17,Unfollow,Edward Zia
2021-04-07 02:10:16,Active,Derick Mildred
2021-03-25 10:05:57,Active,Jim Becker
2021-03-10 22:46:37,Active,Rhonda  Sher
2021-01-25 04:53:53,Unfollow,Luke Stow
2021-01-20 08:17:01,Active,Daniel Abrahams
2021-01-19 21:24:08,Unfollow,Zara Ahmed
2020-12-13 23:37:28,Unfollow,Sally A Illingworth
2020-11-26 00:01:39,Active,Bernard Salt AM
2020-11-25 23:58:16,Active,Gavin ❤️ McCormack
2020-11-25 05:54:50,Unfollow,"Amy Brooks (GAICD, ASA, MBA)"
2020-11-10 00:09:00,Active,Hala Taha
2020-11-05 23:04:10,Active,John Espirian
2020-10-07 23:29:32,Active,Ray Dalio
2020-07-26 06:10:43,Unfollow,James Mc Waters
2020-06-08 02:40:44,Active,Lisa DeLuca
2020-05-20 11:40:05,Unfollow,Ronni Kahn AO
2020-05-20 11:40:00,Unfollow,Shayne Elliott
2020-05-20 11:39:55,Unfollow,Carla Harris
2020-05-20 11:39:47,Unfollow,Creel Price
2020-05-20 11:39:19,Unfollow,Kevin O'Leary
2020-05-20 11:39:13,Unfollow,Deepak Chopra MD (official)
2020-03-06 23:59:50,Active,Alan Joyce
2020-02-10 19:54:15,Active,Patrick Bet-David
2020-02-09 07:39:44,Unfollow,Shinian  Alghafri
2020-01-14 03:55:24,Unfollow,Nina Rut
2020-01-05 04:06:11,Unfollow,Johnny Englezos
2019-12-03 23:01:06,Active,Michaela Alexis
2019-10-27 04:20:52,Unfollow,Natasha Greene
2019-10-20 06:25:56,Unfollow,SHASHANK KUMAR MAHTO
2019-10-15 09:24:02,Unfollow,Ahmed Jabor
2019-09-09 07:04:19,Active,Sir Ken Robinson
2019-09-05 22:27:32,Unfollow,Sanjeev Garg
2019-09-05 13:01:05,Unfollow,Naren Shah
2019-09-03 00:04:09,Unfollow,Jaypee Batabat
2019-08-31 10:00:14,Active,Cynthia Dearin GAICD
2019-08-29 12:05:31,Active,Adam Danyal
2019-08-29 09:07:27,Unfollow,Rajeev Chawla
2019-08-23 22:07:15,Unfollow,radoslav jovanovic
2019-08-23 00:43:22,Active,John Smibert
2019-08-23 00:42:33,Active,Tony J. Hughes
2019-08-21 23:46:09,Unfollow,SAMI KHAN Niazi
2019-08-17 04:35:56,Unfollow,Bilal Arshad
2019-08-04 22:18:46,Unfollow,Rajon Khan offical 🔵
2019-08-04 09:49:43,Unfollow,sentumbwe david
2019-08-03 22:22:25,Unfollow,ramin kohani.. کهنی
2019-08-03 22:19:28,Unfollow,kuldeep bhardwaj
2019-08-03 13:25:28,Unfollow,Antônio Carlos Ferreira da Silva
2019-08-03 03:43:37,Unfollow,Farid ul Hassan
2019-08-03 03:43:13,Unfollow,md sumon sumon
2019-08-02 23:19:08,Unfollow,"Ahmed  Madani PMP®,CISCC,CICCM,CISCM, CIPM,CIPP,CISCP,B.E"
2019-08-02 22:06:51,Unfollow,JAFER  KT
2019-08-02 04:51:15,Unfollow,ganesh ganesh
2019-08-01 22:09:22,Unfollow,Evil Angel - Adult Porn - a Pain in the Ass
2019-08-01 13:29:15,Unfollow,NAZZOBOY Nazzoboy
2019-08-01 13:28:52,Unfollow,Prateek Das
2019-07-31 22:57:47,Unfollow,Marsha Azzahra
2019-07-31 14:57:01,Unfollow,JAINAL JAINAL
2019-07-31 06:39:43,Unfollow,Grooming Product
2019-07-30 13:59:48,Unfollow,donna new lisz Modei see a
2019-07-30 09:42:54,Unfollow,Christ Home Delivery service
2019-07-30 09:06:07,Unfollow,রাহুল হোসেন
2019-07-30 06:33:28,Unfollow,Mon Keosoutta
2019-07-30 02:44:41,Unfollow,Linda Henson
2019-07-29 21:16:43,Unfollow,hassan TV
2019-07-29 12:40:09,Unfollow,Gagandeep Singh
2019-07-29 09:24:18,Unfollow,Ramesh Desai
2019-07-29 08:57:59,Unfollow,Amrit Sangrur
2019-07-29 00:49:34,Unfollow,Mrs. FARRUKH JAMAL
2019-07-28 22:27:50,Unfollow,Bishaw jit Mondol
2019-07-28 22:27:27,Unfollow,Eduart Kallaku
2019-07-28 22:26:30,Unfollow,Honey Ankrl
2019-07-28 10:42:46,Unfollow,Presence Design e Comunicação
2019-07-27 06:57:05,Unfollow,Md  shakir
2019-07-26 22:09:34,Unfollow,Md imran
2019-07-26 22:09:11,Unfollow,Yaya Trawally
2019-07-26 14:18:00,Unfollow,Abde Tindi
2019-07-26 14:16:58,Unfollow,Ramona Patterson
2019-07-26 10:20:10,Unfollow,manbhar Choudhary
2019-07-26 05:40:31,Unfollow,سجاد عباس
2019-07-26 04:12:23,Unfollow,Isabel Ramajo Perianes
2019-07-26 01:38:00,Unfollow,静 王
2019-07-24 21:29:02,Unfollow,Sushila Rawal
2019-07-24 21:28:34,Unfollow,Alexsa Qieqie
2019-07-24 21:28:20,Unfollow,Kong GooLa
2019-07-24 07:07:50,Unfollow,Tantrik Jugal Kishor
2019-07-24 05:18:31,Unfollow,Sahil Khan
2019-07-23 23:43:07,Unfollow,Lalit Shukla
2019-07-23 09:34:16,Unfollow,YAYASAN DWI LESTARY
2019-07-22 22:51:11,Unfollow,Alfalaj Abdul
2019-07-22 22:47:00,Unfollow,Abdul Rahman Ck
2019-07-22 22:46:34,Unfollow,Habbib Ahmad
2019-07-22 22:46:07,Unfollow,علي العلي
2019-07-22 22:45:48,Unfollow,Aintxane Morguia
2019-07-22 08:24:33,Unfollow,Jay Gupta
2019-07-21 11:45:10,Unfollow,Hasi k Kandara
2019-07-20 21:12:47,Unfollow,Kapil Panwar
2019-07-20 21:10:57,Unfollow,Kandara Kamlesh
2019-07-20 21:10:37,Unfollow,Fox Moore
2019-07-20 04:07:07,Unfollow,Akpouwre Abel Kenny
2019-07-19 21:54:33,Unfollow,Loic Vedrine
2019-07-19 05:51:30,Unfollow,Kerala Mumbai
2019-07-19 05:50:54,Unfollow,Nani Jonnakuti
2019-07-18 21:21:41,Unfollow,Mohamed  Sylla
2019-07-18 21:21:14,Unfollow,Rashid Artist
2019-07-18 21:20:09,Unfollow,Subho Mondal
2019-07-18 02:55:17,Unfollow,Sex boy
2019-07-17 23:15:10,Unfollow,Ishola Opeyemi
2019-07-17 20:30:11,Unfollow,Ryan Leper
2019-07-17 03:16:05,Unfollow,Renata Lourenço
2019-07-16 21:16:29,Unfollow,วุฒิพงษ์ สิงห์ทอง
2019-07-16 08:21:04,Unfollow,Atul Tiwari
2019-07-16 07:22:27,Unfollow,Hd Hridoy
2019-07-16 00:56:00,Unfollow,Yft Hh ui u
2019-07-16 00:20:36,Unfollow,Erlan Tantawi
2019-07-15 21:19:59,Unfollow,ZEMAMRA الشرطة الامن الوطني مدينةالزمامرة  .
2019-07-15 21:19:35,Unfollow,Kundan Kumar Singh
2019-07-15 21:19:06,Unfollow,ayuu Hayuu
2019-07-15 07:47:18,Unfollow,Sumit Kumar Bhagat
2019-07-15 07:46:12,Unfollow,Asif Malik
2019-07-15 03:03:47,Unfollow,UK Khud
2019-07-14 21:56:55,Unfollow,Mahmoud SaID Ahmed
2019-07-14 21:56:23,Unfollow,jose.agostinho huinka
2019-07-14 21:56:01,Unfollow,Anjarul Sk
2019-07-14 21:55:37,Unfollow,Aly Nana
2019-07-14 07:32:50,Unfollow,ganesh singh
2019-07-14 07:32:33,Unfollow,dhkien ck
2019-07-14 01:14:37,Unfollow,Sulamto Lamto
2019-07-13 22:07:57,Unfollow,Hamza Farooqi
2019-07-13 22:07:18,Unfollow,eyasu tariku
2019-07-13 11:41:16,Unfollow,Abhishek ‎
2019-07-13 11:25:18,Unfollow,Jack Wells
2019-07-12 21:11:45,Unfollow,أخر عشاق زمن japoni
2019-07-12 21:11:21,Unfollow,Ayesha Khan
2019-07-12 12:53:39,Unfollow,md mamun hossain
2019-07-11 22:16:37,Unfollow,Niaz Rafid
2019-07-11 22:15:23,Unfollow,Babu Jakhar Babu jakhar
2019-07-11 22:15:01,Unfollow,Sunil Baba
2019-07-11 13:07:55,Unfollow,TAHIR JUMANI
2019-07-11 03:38:11,Unfollow,عباس علي الفريجي
2019-07-10 22:31:07,Unfollow,Vasilii Chiperi
2019-07-10 11:32:24,Unfollow,Chandegara Dipen
2019-07-10 06:38:04,Unfollow,David Nowitz 🇦🇺 🇮🇱
2019-07-10 05:49:55,Unfollow,Dharmendra Meghwal
2019-07-09 08:13:36,Unfollow,Che Pham
2019-07-09 06:05:26,Unfollow,Kunal Deshmukh
2019-07-09 02:20:05,Unfollow,ali rajaampat
2019-07-08 21:57:40,Unfollow,MD jiyarat Ansari
2019-07-07 22:08:48,Unfollow,Mohammad Sharif
2019-07-07 22:08:20,Unfollow,melqui goncalves
2019-07-07 04:47:33,Unfollow,Loi Huynh
2019-07-06 11:40:51,Unfollow,Kundan Kumar
2019-07-06 03:49:47,Unfollow,ashish varma
2019-07-05 23:06:38,Active,Vaibhav Sisinty
2019-07-05 22:43:16,Unfollow,AKUN BALI
2019-07-05 05:16:24,Unfollow,wilbrod john
2019-07-04 07:29:50,Unfollow,Lord-enyia onyinyechi
2019-07-04 05:35:12,Unfollow,Habib Lala
2019-07-03 08:31:11,Unfollow,สุภาวดี ดีใจ
2019-07-02 12:47:04,Unfollow,Carmen Colunga
2019-07-02 12:45:54,Unfollow,Adam Hmoud
2019-07-02 12:45:41,Unfollow,Saleem Haider
2019-07-02 02:09:40,Unfollow,Gulshan Kumar
2019-07-02 01:06:03,Unfollow,yahya zare
2019-07-02 00:09:30,Unfollow,재성 이
2019-07-01 12:31:13,Unfollow,Deep Sen
2019-07-01 09:25:56,Unfollow,Sunil Kumar
2019-07-01 07:09:35,Active,Gillian Tans
2019-07-01 06:35:48,Active,"Patrick Leddin, PhD"
2019-07-01 01:12:52,Unfollow,Sk   Teach
2019-06-30 21:41:44,Unfollow,SMS Enterprises
2019-06-30 21:41:23,Unfollow,Arsenio Chirino Gonzalez
2019-06-30 12:19:15,Unfollow,Amit Yogi
2019-06-30 12:18:48,Unfollow,Satya singh
2019-06-30 07:32:10,Unfollow,Varsha Kasaudhan
2019-06-30 06:33:48,Unfollow,Oluwatobi Moses
2019-06-30 06:15:22,Unfollow,Kyaw zin htok
2019-06-30 06:15:01,Unfollow,Mintu Thakur
2019-06-30 03:54:05,Unfollow,Sunil Kumar
2019-06-29 22:07:15,Unfollow,Ryan Lee
2019-06-29 01:14:34,Unfollow,Kumar Kumar Sunny
2019-06-29 01:06:58,Unfollow,Raju Kumar
2019-06-28 02:59:42,Unfollow,Niraj Pacilal
2019-06-27 22:15:51,Unfollow,Neelesh Aachre
2019-06-27 22:12:15,Unfollow,Jenin Victor
2019-06-27 08:48:59,Unfollow,mir card Kumar
2019-06-27 05:01:30,Unfollow,पुष्पेंद्र पटेल पटेल
2019-06-27 03:06:34,Unfollow,Asfahak Ahamad
2019-06-26 22:08:21,Unfollow,เชียน บุนทะวี
2019-06-26 03:31:25,Unfollow,kanha Patidar
2019-06-25 21:14:36,Unfollow,Sandeep Choudhary
2019-06-25 21:14:14,Unfollow,Ankesh Kumar
2019-06-25 21:13:52,Unfollow,Khukan Mani Tripura
2019-06-25 11:54:59,Unfollow,Abdul Rahman
2019-06-25 08:32:33,Unfollow,Raju Chakroborty
2019-06-25 01:33:47,Unfollow,reina molinar
2019-06-24 23:37:30,Unfollow,Kamlesh Kamlesh Singadia
2019-06-24 20:12:37,Unfollow,Shankar Keelka
2019-06-24 14:05:35,Unfollow,Roozbeh Killer
2019-06-24 13:18:49,Unfollow,Raju Ram
2019-06-24 13:15:19,Unfollow,santana ghosh
2019-06-24 02:19:33,Unfollow,Muzamil Hoque
2019-06-23 22:22:12,Unfollow,Manimaran Murugan
2019-06-23 09:37:01,Unfollow,Chloé Boehm
2019-06-23 08:12:44,Unfollow,Amit Rajvanshi
2019-06-22 20:54:49,Unfollow,Jose Carlos
2019-06-22 12:42:55,Unfollow,xiaokun Zhu
2019-06-22 04:48:37,Unfollow,Chula Gayashan
2019-06-22 02:11:32,Unfollow,Online Shopping
2019-06-21 20:55:18,Unfollow,Ahmed Mohseen Almyahe
2019-06-21 20:54:36,Unfollow,Syaqila Qila
2019-06-21 11:45:51,Unfollow,Nghia Minh
2019-06-20 02:43:11,Unfollow,Suranny Retnand
2019-06-20 02:42:46,Unfollow,nor zuhata
2019-06-19 09:29:46,Unfollow,Hung Le
2019-06-19 07:57:01,Unfollow,Diwakar Kumar
2019-06-19 05:33:00,Unfollow,JAGDISH SHARMA
2019-06-19 03:52:07,Unfollow,Ravindra Patkar
2019-06-19 02:28:10,Unfollow,Amit Maurya
2019-06-18 23:05:15,Unfollow,Osenir Sousa
2019-06-18 21:38:32,Unfollow,Technical guru videos
2019-06-18 21:38:06,Unfollow,Benjamin Curtis
2019-06-18 13:28:46,Unfollow,Sina Safaee
2019-06-18 09:12:46,Unfollow,Fmg Viruz
2019-06-18 00:53:12,Unfollow,VinH Jerry
2019-06-17 22:47:49,Unfollow,Darrin Jones
2019-06-17 21:02:55,Unfollow,Eddy Pan
2019-06-17 02:50:06,Unfollow,Tahiraatish Aatish
2019-06-16 22:07:26,Unfollow,Manisn Mandi
2019-06-16 13:25:11,Unfollow,Shira Patterson
2019-06-16 13:25:04,Unfollow,Daniel Kimori
2019-06-16 13:23:53,Unfollow,Steve Wohlenhaus
2019-06-16 13:22:25,Unfollow,Eric Curry
2019-06-16 13:22:18,Unfollow,Anass AlQadi
2019-06-16 12:13:14,Unfollow,糊兔 迷
2019-06-16 10:54:27,Unfollow,Ashley Theriot Sales
2019-06-16 10:54:24,Unfollow,Georgina Ojeda
2019-06-16 10:54:23,Unfollow,Gerson Schwonke
2019-06-16 10:54:22,Unfollow,Huw Warren
2019-06-16 10:54:19,Unfollow,Harsh Kumar
2019-06-16 10:54:18,Unfollow,Rozario Chivers
2019-06-16 10:54:15,Unfollow,Armand Jeffrey
2019-06-16 10:54:13,Unfollow,Dr Gorakh Bobde
2019-06-16 10:54:09,Unfollow,Stiven Denkovski
2019-06-16 10:54:08,Unfollow,Nicola Skorko - The Coach for Women in Telco
2019-06-16 10:54:04,Unfollow,Rohit Sood
2019-06-16 10:54:03,Unfollow,Monica F. Copelin
2019-06-16 10:54:01,Unfollow,Tom Livers
2019-06-16 10:53:55,Unfollow,John Cotner
2019-06-16 10:53:49,Unfollow,Muhammad Naveed Hyder
2019-06-16 10:53:48,Unfollow,Siddhartha Pal
2019-06-16 10:53:47,Unfollow,Jo Wing-Gaire
2019-06-16 10:53:44,Unfollow,William (Bill) Craig  .'.™️
2019-06-16 10:53:40,Unfollow,Anthony Moncada
2019-06-16 10:53:38,Unfollow,Kazi Ashfaque Ali
2019-06-16 10:53:35,Unfollow,Spirit West
2019-06-16 10:53:25,Unfollow,Aqib Taj
2019-06-16 10:53:23,Unfollow,Ram Kumar Tripathi
2019-06-16 10:53:22,Unfollow,Raphael Regis Pereira
2019-06-16 10:53:17,Unfollow,SHIVDEV SINGH PAL
2019-06-16 10:53:15,Unfollow,SHIVANAND  MATHAPATI
2019-06-16 10:53:14,Unfollow,Benjamin Djelassi
2019-06-16 10:53:13,Unfollow,Hasan Kasbati
2019-06-16 10:53:10,Unfollow,Hasan K.
2019-06-16 10:53:06,Unfollow,Alnasir Rajan
2019-06-16 10:53:03,Unfollow,⚡️ AИAS EBRAHEM 🔥
2019-06-16 10:52:59,Unfollow,Palmyra Pawlik
2019-06-16 10:52:55,Unfollow,Vikram Seth
2019-06-16 10:52:52,Unfollow,Shalva Chkhetia
2019-06-16 10:52:51,Unfollow,S.P SHARMA
2019-06-16 10:52:50,Unfollow,Mohamed Nidhal TAKOUR
2019-06-16 10:52:41,Unfollow,Hugue  Nkoutchou
2019-06-16 10:52:39,Unfollow,Bharat H
2019-06-16 10:52:37,Unfollow,Erich Wagner
2019-06-16 10:52:36,Unfollow,Nick Bancroft Cooke
2019-06-16 10:52:27,Unfollow,Andrey Pikavtsov
2019-06-16 10:52:25,Unfollow,MUSTAFA ERKAN
2019-06-16 10:52:19,Unfollow,Amy L. Baish
2019-06-16 10:52:16,Unfollow,Ruslan Stepaniuk
2019-06-16 10:52:14,Unfollow,Rajeev Gupta
2019-06-16 10:52:09,Unfollow,Nibin Wilson
2019-06-16 10:52:05,Unfollow,Mubarak Bhimani
2019-06-16 10:52:04,Unfollow,Ashutosh Konkar
2019-06-16 10:52:02,Unfollow,Dan O
2019-06-16 10:51:56,Unfollow,Enu Rene Ayuk
2019-06-16 10:51:55,Unfollow,John Smith  III
2019-06-16 10:51:54,Unfollow,Rehan.A. Syed
2019-06-16 10:51:45,Unfollow,David Christopher
2019-06-16 10:51:45,Unfollow,Vinod S
2019-06-16 10:51:30,Unfollow,Namal Wickramasinghe
2019-06-16 10:51:17,Unfollow,Arshad A. PMP®
2019-06-16 00:50:20,Unfollow,Dheeru Raj
2019-06-15 11:21:54,Unfollow,Ehab Asal
2019-06-15 11:01:10,Unfollow,詳世 金
2019-06-14 21:50:30,Unfollow,ilham ilhamdeaf
2019-06-14 10:44:39,Unfollow,Jason. me Triplett
2019-06-14 10:44:15,Unfollow,momin mollik
2019-06-13 21:20:43,Unfollow,Neeraj Chhina
2019-06-13 21:20:12,Unfollow,Lili Batista
2019-06-13 21:19:32,Unfollow,Than Than Thu
2019-06-13 02:49:18,Unfollow,Gafar Gafar
2019-06-12 20:12:52,Unfollow,गुjar gujjar ji
2019-06-12 11:10:44,Unfollow,Jack  Zhou
2019-06-12 10:25:21,Unfollow,Muhammad Adnan
2019-06-11 21:02:03,Unfollow,Tasa Tasia
2019-06-11 05:18:16,Unfollow,Ali Siddique Hamza
2019-06-10 19:26:32,Unfollow,سعيد الباشا
2019-06-10 19:25:55,Unfollow,Rahul Kumar
2019-06-10 12:43:54,Unfollow,ASTROLOGER KAPIL KUMAR
2019-06-10 10:04:36,Unfollow,Amadou Louis Samba
2019-06-09 21:53:54,Unfollow,Fajril hanip aly Fajrilbeat
2019-06-09 21:51:25,Unfollow,บัดดี้ ออน
2019-06-08 21:55:56,Unfollow,Supachok Tammada
2019-06-08 11:46:43,Unfollow,kokoaumg kokoaumg
2019-06-07 22:12:29,Unfollow,Suman S
2019-06-07 22:11:01,Unfollow,Pankaj Arora
2019-06-07 13:43:17,Unfollow,Muttalib  rahi
2019-06-06 22:09:14,Unfollow,Alexandra Bielsa
2019-06-05 22:03:54,Unfollow,AMAR KUMAR
2019-06-05 22:03:07,Unfollow,حسن الملك
2019-06-05 22:02:40,Unfollow,RM Wicitrowiryo
2019-06-05 12:51:01,Unfollow,Rajneesh Kumar
2019-06-05 01:00:46,Unfollow,Neha Chundawat
2019-06-04 20:16:55,Unfollow,Jiddihannysingh Jiddihannysingh
2019-06-04 14:14:50,Unfollow,Neelesh Kumar  Maida
2019-06-04 06:38:58,Unfollow,Galuh Nasution
2019-06-04 05:21:19,Unfollow,Bhimahesa Forex trading
2019-06-02 23:15:29,Unfollow,El-Samel Roberto Hasikic
2019-06-02 22:31:32,Unfollow,Lokesh Vishwakarma
2019-06-02 22:30:13,Unfollow,jennie alidrus
2019-06-02 11:25:07,Unfollow,عبدالله ابوعطالله
2019-06-02 07:12:49,Unfollow,ΛJ DΉΛKΛD
2019-06-01 22:21:29,Unfollow,Victor Ramirez
2019-06-01 21:39:20,Unfollow,mikkie benedicto
2019-06-01 06:27:38,Unfollow,Gaurav Ranjan
2019-05-31 22:30:24,Unfollow,Dawid K
2019-05-31 11:46:01,Unfollow,Hatice Keskin
2019-05-31 03:05:47,Unfollow,Rakesh Panday
2019-05-30 23:38:56,Unfollow,"︻┳═一ӄʊʐɢʊռ -─═┳︻.𓅂 ,  ☬ஜ🇹🇷👑"
2019-05-30 23:14:12,Unfollow,RAFI JODDAR
2019-05-30 07:40:05,Unfollow,Sonu Shekhawat
2019-05-29 23:04:11,Unfollow,Nuri Hazir
2019-05-29 08:46:26,Unfollow,Kamel Tite
2019-05-29 06:44:22,Unfollow,Saroj Barik
2019-05-29 04:40:51,Unfollow,RISHU SHREEVASTAV
2019-05-29 02:59:23,Unfollow,محمد محسن
2019-05-29 02:50:15,Unfollow,Vegas Punk Princess Rock Starr
2019-05-28 01:47:47,Unfollow,zhijian wu
2019-05-28 00:05:32,Unfollow,Shams Zai
2019-05-27 21:06:52,Unfollow,Tuğberk Aydoğan
2019-05-27 21:05:15,Unfollow,LIFE BADLO POSITIVE BANO
2019-05-27 08:16:04,Unfollow,sinh Nguyen
2019-05-27 02:59:20,Unfollow,Suresh Paliwal
2019-05-26 11:31:22,Unfollow,Jonathan Blais
2019-05-26 09:55:32,Unfollow,Nontuthuko Diko
2019-05-25 20:55:46,Unfollow,Kousar Parveen
2019-05-25 09:10:55,Unfollow,Robert Badowich
2019-05-25 08:21:40,Unfollow,Ajai Singh
2019-05-24 22:20:18,Active,Daniel Roth
2019-05-24 04:02:40,Unfollow,Hassan OMAR ALI
2019-05-23 21:19:48,Unfollow,浪 彭
2019-05-23 11:37:36,Unfollow,Dharmendra Saini
2019-05-21 13:15:31,Unfollow,Abdulqader Hamad Al-Masabi   -----------  عبدالقادر بن حمد المصعبي
2019-05-20 22:17:16,Unfollow,일도 허
2019-05-20 07:50:15,Unfollow,Saba alam
2019-05-19 09:23:59,Unfollow,Corey Drake
2019-05-16 21:31:12,Unfollow,kamal kumar
2019-05-14 04:38:13,Unfollow,Dayaram Teergar
2019-05-14 00:45:59,Unfollow,Shakaib Ahmad
2019-05-12 11:55:48,Unfollow,TEM SHABTAI
2019-05-11 13:18:14,Unfollow,Ghulam Batool
2019-05-11 03:52:31,Unfollow,Mostafa Hassan
2019-05-10 00:37:05,Unfollow,Khuram Shahzad
2019-05-08 11:16:14,Unfollow,Orhan Yilmaz
2019-05-08 07:44:10,Unfollow,Hashim Al-Haddad
2019-05-07 12:39:56,Unfollow,Carlos Eduardo  Fernandes Costa
2019-05-06 21:44:25,Unfollow,Mohamed Elgamal
2019-05-06 21:44:16,Unfollow,Jegan Christopher
2019-05-06 11:53:27,Unfollow,Khubaib Khan
2019-05-05 02:08:18,Unfollow,Shahid Khan
2019-05-04 11:14:09,Active,Tyron Giuliani
2019-05-02 12:19:23,Unfollow,"Saman Kandanearachchi , PMP"
2019-05-02 10:58:19,Unfollow,Felix Eshesimua - MBA
2019-05-02 01:45:03,Active,Brené Brown
2019-05-01 11:56:38,Unfollow,Alfred Stanley
2019-04-30 12:27:34,Unfollow,Ahmed Bakr
2019-04-30 12:27:13,Unfollow,Renee Vidor 🥇
2019-04-29 23:35:59,Unfollow,Joe H. ☆
2019-04-29 12:50:37,Unfollow,Bandar AlHarbi
2019-04-29 12:11:03,Unfollow,Philip White
2019-04-29 12:10:56,Unfollow,Helio Penaforte
2019-04-29 06:00:07,Unfollow,shihab uddin
2019-04-28 13:26:31,Unfollow,Walid El-Shafii
2019-04-28 11:36:53,Unfollow,djamel rais
2019-04-28 11:34:50,Unfollow,Mohammad Alrefaei
2019-04-28 11:34:02,Unfollow,Ehsan Akbar
2019-04-28 11:29:16,Unfollow,SALMAN QADIR ✨
2019-04-28 10:27:00,Unfollow,Som Nath Das
2019-04-28 09:29:10,Unfollow,"Mostafa Mohamed, FMVA"
2019-04-28 06:55:38,Unfollow,Helmut Kley
2019-04-27 22:13:22,Unfollow,Syed Tousif Hussain
2019-04-27 22:09:50,Unfollow,Haider ali khan Marwat
2019-04-26 22:34:08,Unfollow,Michael Mc Carthy
2019-04-26 22:28:11,Unfollow,Beatriz Encinas
2019-04-26 22:17:46,Unfollow,"MD ALAM, PMP®, CSM®, KMP®"
2019-04-26 14:07:53,Unfollow,Fatemeh Kharrazi
2019-04-26 13:57:42,Unfollow,"DR LITA Mohapatra (MBBS, MM, MM, FAM, Doc in Derma, Dlitt (Hon)"
2019-04-24 23:52:39,Active,Melonie Dodaro
2019-04-24 04:15:08,Unfollow,Arifa Parveen
2019-04-23 13:17:32,Unfollow,Anthony D
2019-04-23 12:01:24,Unfollow,Carrie Brooks
2019-04-22 13:12:06,Unfollow,Juarez Cláudio Gillieron Gavinho
2019-04-22 13:11:58,Unfollow,Sai Utsav Mahesh
2019-04-22 08:40:08,Unfollow,hasanain AL -Arnaute
2019-04-22 02:29:33,Unfollow,BHARAT SINGH KOHLI
2019-04-22 00:01:19,Active,Oleg Vishnepolsky
2019-04-21 21:23:34,Unfollow,Ariel Oglesby
2019-04-21 21:11:54,Unfollow,Sanjay  Chaturvedi
2019-04-21 21:08:05,Unfollow,Rashid Moh'd AL-Marri
2019-04-21 21:07:48,Unfollow,Carlos Cintra
2019-04-21 14:13:48,Unfollow,zellard lemon
2019-04-21 12:46:30,Unfollow,Dr. Irshad Sandhu 🇬🇧
2019-04-21 12:46:26,Unfollow,Jazib Shouket
2019-04-21 12:46:20,Unfollow,"Dr/Ahmed EL-Zahawy ,Green Hydrogen,Water Treatment Consultant,MBA"
2019-04-21 12:45:20,Unfollow,Dr. Salahideen  ALHAJ
2019-04-21 12:45:09,Unfollow,Adhiraj Dey
2019-04-21 05:31:50,Unfollow,Md Giyas Uddin
2019-04-20 22:02:36,Unfollow,Mohammad Alzoubi
2019-04-20 22:02:29,Unfollow,"Hazem Mahmoud, FMVA®"
2019-04-16 12:31:16,Active,Tim Denning
2019-04-15 20:49:32,Unfollow,Milton Kelly
2019-04-14 22:03:42,Unfollow,Mamadou Falilou  Bah
2019-04-14 12:25:43,Unfollow,"Philip G. MBA, ACMI"
2019-04-14 04:56:45,Active,Mel Robbins
2019-04-13 21:42:36,Unfollow,"Anas Habash, L6σBB"
2019-04-11 00:27:16,Active,Tim Salau
2019-04-11 00:02:28,Active,Alexandra Galviz (Authentic Alex)
2019-04-06 09:41:18,Unfollow,Stephen Olita
2019-04-05 04:57:50,Unfollow,Israr Ahmed
2019-04-04 00:26:14,Active,Shay Rowbottom
2019-04-02 21:56:01,Unfollow,SANTIAGO ORTIZ
2019-04-02 21:22:47,Active,Liz Ryan
2019-03-28 06:36:47,Active,Anthony J James
2019-03-28 06:31:17,Active,Amer Kayyal
2019-03-25 10:42:20,Unfollow,PRADEEP TIWARI
2019-03-25 05:49:42,Unfollow,mithan miah
2019-02-23 01:34:17,Active,Cory  Warfield
2019-02-15 02:52:18,Unfollow,Sandra Ashton
2019-01-20 23:50:07,Active,Susan Cain
2019-01-18 09:10:07,Active,Neil Patel
2018-11-27 20:49:23,Unfollow,Chris Walker
2018-10-22 23:08:14,Unfollow,Shuv Homsi
2018-10-18 07:40:19,Unfollow,Sundara Rengasamy
2018-09-02 16:39:50,Unfollow,Udaya Kumar
2018-08-20 08:34:47,Active,Grant Cardone
2018-02-26 02:34:22,Active,Matt Barrie
2018-01-14 23:02:25,Unfollow,Melissa Griffiths
2018-01-13 19:28:08,Unfollow,♛ Raymond Reddington ✅
2017-12-18 22:15:18,Unfollow,Greg Caleo
2017-11-18 22:47:26,Active,Jessica Keys
2017-11-17 00:00:00,Active,Trevor Turnbull
2017-11-16 00:00:00,Active,Tim Ferriss
2017-11-16 00:00:00,Active,"Clarice Lin, Marketing Strategist💪"
2017-09-27 02:11:48,Unfollow,Malcolm Turnbull
2017-09-05 00:00:00,Active,Lewis Howes
2016-12-29 00:00:00,Active,Gary Vaynerchuk
2016-12-15 00:00:00,Active,Jeff Weiner
2016-12-13 00:00:00,Active,Alistair Cox
2016-11-30 00:00:00,Active,Ashley Stahl
2016-10-31 00:00:00,Active,Arianna Huffington
2016-10-18 00:00:00,Active,Raghav Haran
2016-07-29 00:05:21,Unfollow,Reid Hoffman
2016-07-05 00:00:00,Active,Tony Robbins
2014-12-17 00:00:00,Active,Naomi Simson
2014-12-17 00:00:00,Active,Francisco Alvarez
2013-12-13 00:00:00,Active,James Caan CBE
2013-09-10 00:00:00,Active,Richard Branson
2013-07-29 06:54:27,Unfollow,Stacey Schneider
