First Name,Last Name,Billing Country,Postal Code,Transaction Made At,Payment Method Type,Invoice Number,Description,Tax Amount,Sub Total,Total Amount,Currency Code
Amy,Smith,au,2230,"5/7/24, 10:56 PM",CreditCard,9535246906,Sales Navigator Core Subscription renewal (Monthly),9.09,90.9,99.99,AUD
Amy,Smith,au,2230,"4/7/24, 10:56 PM",CreditCard,9428243586,Sales Navigator Core Subscription renewal (Monthly),9.09,90.9,99.99,AUD
Amy,Smith,au,2230,"3/7/24, 10:56 PM",CreditCard,9314547866,Sales Navigator Core Subscription renewal (Monthly),9.09,90.9,99.99,AUD
Amy,Smith,au,2230,"2/7/24, 10:56 PM",CreditCard,9200955056,Sales Navigator Core Subscription renewal (Monthly),9.09,90.9,99.99,AUD
Amy,Smith,au,2230,"1/7/24, 10:56 PM",CreditCard,9083831996,Sales Navigator Core Subscription renewal (Monthly),9.09,90.9,99.99,AUD
Amy,Smith,au,2230,"12/7/23, 10:56 PM",CreditCard,8994063146,Sales Navigator Core Subscription renewal (Monthly),9.09,90.9,99.99,AUD
Amy,Smith,au,2230,"11/7/23, 10:56 PM",CreditCard,8885829626,Sales Navigator Core Subscription renewal (Monthly),9.09,90.9,99.99,AUD
Amy,Smith,au,2230,"10/7/23, 10:56 PM",CreditCard,8790713016,Sales Navigator Core Subscription renewal (Monthly),9.09,90.9,99.99,AUD
Amy,Smith,au,2230,"9/7/23, 10:56 PM",CreditCard,8671484866,Sales Navigator Core Subscription renewal (Monthly),9.09,90.9,99.99,AUD
Amy,Smith,au,2230,"8/7/23, 10:56 PM",CreditCard,8564796796,Sales Navigator Core Subscription renewal (Monthly),9.09,90.9,99.99,AUD
Amy,Smith,au,2230,"7/7/23, 10:56 PM",CreditCard,8468438056,Sales Navigator Core Subscription renewal (Monthly),9.09,90.9,99.99,AUD
Amy,Smith,au,2230,"6/7/23, 10:56 PM",CreditCard,8374515726,Sales Navigator Core Subscription renewal (Monthly),9.09,90.9,99.99,AUD
Amy,Smith,au,2230,"5/7/23, 10:56 PM",CreditCard,8268707606,Sales Navigator Core Subscription renewal (Monthly),9.09,90.9,99.99,AUD
Amy,Smith,au,2230,"4/7/23, 10:56 PM",CreditCard,8162268526,Sales Navigator Core Subscription renewal (Monthly),9.09,90.9,99.99,AUD
Amy,Smith,au,2230,"3/7/23, 10:56 PM",CreditCard,8038257756,Sales Navigator Core Subscription renewal (Monthly),9.09,90.9,99.99,AUD
Amy,Smith,au,2230,"2/7/23, 10:56 PM",CreditCard,7931709426,Sales Navigator Core Subscription renewal (Monthly),9.09,90.9,99.99,AUD
Amy,Smith,au,2230,"1/7/23, 10:56 PM",CreditCard,7818378756,Sales Navigator Core Subscription renewal (Monthly),9.09,90.9,99.99,AUD
Amy,Smith,au,2230,"12/7/22, 10:56 PM",CreditCard,7715569586,Sales Navigator Core Subscription renewal (Monthly),9.09,90.9,99.99,AUD
Amy,Smith,au,2230,"11/7/22, 10:56 PM",CreditCard,7610865926,Sales Navigator Core Subscription renewal (Monthly),9.09,90.9,99.99,AUD
Amy,Smith,au,2230,"10/7/22, 10:56 PM",CreditCard,7504850446,Sales Navigator Core Subscription renewal (Monthly),9.09,90.9,99.99,AUD
Amy,Smith,au,2230,"9/7/22, 10:56 PM",CreditCard,7402905486,Sales Navigator Core Subscription renewal (Monthly),9.09,90.9,99.99,AUD
Amy,Smith,au,2230,"8/7/22, 10:56 PM",CreditCard,7276674006,Sales Navigator Core Subscription renewal (Monthly),9.09,90.9,99.99,AUD
Amy,Smith,au,2230,"7/7/22, 10:56 PM",CreditCard,7762223003,Sales Navigator Core Subscription renewal (Monthly),9.09,90.9,99.99,AUD
Amy,Smith,au,2230,"6/7/22, 10:56 PM",CreditCard,7684387823,Sales Navigator Core Subscription renewal (Monthly),9.09,90.9,99.99,AUD
Amy,Smith,au,2230,"5/7/22, 10:56 PM",CreditCard,6901849346,Sales Navigator Core Subscription renewal (Monthly),9.09,90.9,99.99,AUD
Amy,Smith,au,2230,"4/7/22, 10:56 PM",CreditCard,6807568946,Sales Navigator Core Subscription renewal (Monthly),9.09,90.9,99.99,AUD
Amy,Smith,au,2230,"3/7/22, 10:56 PM",CreditCard,6709147186,Sales Navigator Core Subscription renewal (Monthly),9.09,90.9,99.99,AUD
Amy,Smith,au,2230,"2/7/22, 10:56 PM",CreditCard,6614451546,Sales Navigator Core Subscription renewal (Monthly),9.09,90.9,99.99,AUD
Amy,Smith,au,2230,"1/7/22, 10:57 PM",CreditCard,6510925956,Sales Navigator Core Subscription renewal (Monthly),9.09,90.9,99.99,AUD
Amy,Smith,au,2230,"12/7/21, 10:56 PM",CreditCard,7090242543,Sales Navigator Core Subscription renewal (Monthly),9.09,90.9,99.99,AUD
Amy,Smith,au,2230,"11/7/21, 10:56 PM",CreditCard,6302175166,Sales Navigator Core Subscription renewal (Monthly),9.09,90.9,99.99,AUD
Amy,Smith,au,2230,"10/7/21, 10:56 PM",CreditCard,6188133186,Sales Navigator Core Subscription renewal (Monthly),9.09,90.9,99.99,AUD
Amy,Smith,au,2230,"9/7/21, 10:56 PM",CreditCard,6073526826,Sales Navigator Core Subscription renewal (Monthly),9.09,90.9,99.99,AUD
Amy,Smith,au,2230,"8/7/21, 10:56 PM",CreditCard,5964506216,Sales Navigator Core Subscription renewal (Monthly),9.09,90.9,99.99,AUD
Amy,Smith,au,2230,"7/7/21, 10:56 PM",CreditCard,5857780936,Sales Navigator Core Subscription renewal (Monthly),9.09,90.9,99.99,AUD
Amy,Smith,au,2230,"6/7/21, 10:56 PM",CreditCard,5753545826,Sales Navigator Core Subscription renewal (Monthly),9.09,90.9,99.99,AUD
Amy,Smith,au,2230,"5/7/21, 10:56 PM",CreditCard,5650485226,Sales Navigator Core Subscription renewal (Monthly),9.09,90.9,99.99,AUD
Amy,Smith,au,2230,"4/7/21, 10:56 PM",CreditCard,5553574826,Sales Navigator Core Subscription renewal (Monthly),9.09,90.9,99.99,AUD
Amy,Smith,au,2230,"3/7/21, 10:56 PM",CreditCard,5450852176,Sales Navigator Core Subscription renewal (Monthly),9.09,90.9,99.99,AUD
Amy,Smith,au,2230,"2/7/21, 10:56 PM",CreditCard,5360177766,Sales Navigator Core Subscription renewal (Monthly),9.09,90.9,99.99,AUD
Amy,Smith,au,2230,"1/7/21, 10:56 PM",CreditCard,5271359736,Sales Navigator Core Subscription renewal (Monthly),9.09,90.9,99.99,AUD
Amy,Smith,au,2230,"12/7/20, 10:56 PM",CreditCard,5192186916,Sales Navigator Core Subscription renewal (Monthly),9.09,90.9,99.99,AUD
Amy,Smith,au,2230,"11/7/20, 10:56 PM",CreditCard,5109643706,Sales Navigator Core Subscription renewal (Monthly),9.09,90.9,99.99,AUD
Amy,Smith,au,2230,"10/7/20, 10:56 PM",CreditCard,5025758566,"Sales Navigator Core Subscription (Monthly), Credit from previous subscription purchase",5.70,56.96,62.66,AUD
Amy,Smith,au,2230,"9/23/20, 3:28 AM",CreditCard,4980815326,Premium Business Subscription renewal (Monthly),6.36,63.63,69.99,AUD
Amy,Smith,au,2230,"8/23/20, 3:28 AM",CreditCard,4898044836,Premium Business Subscription renewal (Monthly),6.36,63.63,69.99,AUD
Amy,Smith,au,2230,"7/23/20, 3:28 AM",CreditCard,5511018633,Premium Business Subscription renewal (Monthly),6.36,63.63,69.99,AUD
Amy,Smith,au,2230,"6/23/20, 3:28 AM",CreditCard,4741371426,Premium Business Subscription renewal (Monthly),6.36,63.63,69.99,AUD
Amy,Smith,au,2230,"5/23/20, 3:28 AM",CreditCard,5354625183,Premium Business Subscription renewal (Monthly),6.36,63.63,69.99,AUD
Amy,Smith,au,2230,"4/23/20, 3:28 AM",CreditCard,4562939746,Premium Business Subscription (Monthly),0,0,0,AUD
Amy,Smith,au,2230,"2/28/20, 11:20 PM",CreditCard,4441647196,Sales Navigator Core Subscription renewal (Monthly),9.09,90.9,99.99,AUD
Amy,Smith,au,2230,"1/28/20, 11:21 PM",CreditCard,4367635706,"Sales Navigator Core Subscription (Monthly), Credit from previous subscription purchase",5.53,55.34,60.87,AUD
Amy,Smith,au,2230,"1/14/20, 1:14 AM",CreditCard,4338238306,Premium Business Subscription renewal (Monthly),6.36,63.63,69.99,AUD
Amy,Smith,au,2230,"12/14/19, 1:14 AM",CreditCard,4278117026,Premium Business Subscription renewal (Monthly),6.36,63.63,69.99,AUD
Amy,Smith,au,2230,"11/14/19, 1:14 AM",CreditCard,4209396516,Premium Business Subscription renewal (Monthly),6.36,63.63,69.99,AUD
Amy,Smith,au,2230,"10/14/19, 1:14 AM",CreditCard,4144061036,Premium Business Subscription renewal (Monthly),6.36,63.63,69.99,AUD
Amy,Smith,au,2230,"9/14/19, 1:14 AM",CreditCard,4077721746,Premium Business Subscription renewal (Monthly),6.36,63.63,69.99,AUD
Amy,Smith,au,2230,"8/14/19, 1:14 AM",CreditCard,4006778116,Premium Business Subscription renewal (Monthly),6.36,63.63,69.99,AUD
Amy,Smith,au,2230,"7/14/19, 1:15 AM",CreditCard,3937448486,Premium Business Subscription renewal (Monthly),6.36,63.63,69.99,AUD
Amy,Smith,au,2230,"6/14/19, 1:14 AM",CreditCard,4729372664,Premium Business Subscription renewal (Monthly),6.36,63.63,69.99,AUD
Amy,Smith,au,2230,"5/14/19, 1:14 AM",CreditCard,3809460206,Premium Business Subscription renewal (Monthly),6.36,63.63,69.99,AUD
Amy,Smith,au,2230,"4/14/19, 1:14 AM",CreditCard,3745134376,Premium Business Subscription renewal (Monthly),6.36,63.63,69.99,AUD
Amy,Smith,au,2230,"3/14/19, 1:14 AM",CreditCard,3679399976,Premium Business Subscription renewal (Monthly),6.36,63.63,69.99,AUD
Amy,Smith,au,2230,"2/14/19, 1:14 AM",CreditCard,3616792266,Premium Business Subscription renewal (Monthly),6.36,63.63,69.99,AUD
Amy,Smith,au,2230,"1/14/19, 1:19 AM",CreditCard,3550423566,Premium Business Subscription (Monthly),6.36,63.63,69.99,AUD
Amy,Smith,au,2230,"1/30/18, 3:02 AM",CreditCard,2547669445,Sales Navigator Core Subscription (Monthly),0,0,0,AUD
Stephanie,Christopher,au,2059,"8/29/17, 4:01 AM",CreditCard,2691352746,Business Plus Subscription renewal (Monthly),6,59.99,65.99,AUD
Stephanie,Christopher,au,2059,"7/29/17, 4:01 AM",CreditCard,2656276506,Business Plus Subscription renewal (Monthly),6,59.99,65.99,AUD
Stephanie,Christopher,au,2059,"6/29/17, 4:01 AM",CreditCard,2621759936,Business Plus Subscription renewal (Monthly),6,59.99,65.99,AUD
Stephanie,Christopher,au,2059,"5/29/17, 4:01 AM",CreditCard,2585632036,Business Plus Subscription renewal (Monthly),6,59.99,65.99,AUD
Stephanie,Christopher,au,2059,"4/29/17, 4:01 AM",CreditCard,2551470736,Business Plus Subscription renewal (Monthly),6,59.99,65.99,AUD
Stephanie,Christopher,au,2059,"3/29/17, 4:01 AM",CreditCard,2517917176,Business Plus Subscription renewal (Monthly),6,59.99,65.99,AUD
Stephanie,Christopher,au,2059,"3/1/17, 1:44 AM",CreditCard,2482306296,Business Plus Subscription renewal (Monthly),6,59.99,65.99,AUD
Stephanie,Christopher,au,2060,"1/29/17, 4:01 AM",CreditCard,2440225126,Business Plus Subscription renewal (Monthly),6,59.99,65.99,AUD
Stephanie,Christopher,au,2060,"12/29/16, 4:01 AM",CreditCard,2409129786,Business Plus Subscription renewal (Monthly),0,59.99,59.99,AUD
Stephanie,Christopher,au,2060,"11/29/16, 4:01 AM",CreditCard,2385033426,Business Plus Subscription renewal (Monthly),0,59.99,59.99,AUD
Stephanie,Christopher,au,2060,"10/29/16, 4:01 AM",CreditCard,2405729261,Business Plus Subscription renewal (Monthly),0,59.99,59.99,AUD
Stephanie,Christopher,au,2060,"9/29/16, 4:01 AM",CreditCard,2382012781,Business Plus Subscription renewal (Monthly),0,59.99,59.99,AUD
Stephanie,Christopher,au,2060,"8/29/16, 4:01 AM",CreditCard,2355745701,Business Plus Subscription renewal (Monthly),0,59.99,59.99,AUD
Stephanie,Christopher,au,2060,"7/29/16, 4:03 AM",CreditCard,2329734941,Business Plus Subscription (Monthly),0,0,0,AUD
