First Name,Last Name,Billing Country,Postal Code,Transaction Made At,Payment Method Type,Invoice Number,Description,Tax Amount,Sub Total,Total Amount,Currency Code
Amy,Smith,AU,2567,08/29/25 06:27 AM UTC,CARD,511137112672,Job Views,3.24,32.40,35.64,AUD
Amy,Smith,AU,2567,08/28/25 06:38 AM UTC,CARD,511136438924,Job Views,24.30,243.00,267.30,AUD
Amy,Smith,AU,2567,04/21/25 02:00 AM UTC,CARD,51993507554,Sales Navigator Core,119.99,1199.89,1319.88,AUD
Amy,Smith,AU,2230,04/07/25 10:57 PM UTC,CARD,51190460193,Sales Navigator Core,9.09,90.90,99.99,AUD
Amy,Smith,AU,2230,03/07/25 10:57 PM UTC,CARD,51180100161,Sales Navigator Core,9.09,90.90,99.99,AUD
Amy,Smith,AU,2230,02/07/25 10:56 PM UTC,CARD,51171240056,Sales Navigator Core,9.09,90.90,99.99,AUD
Amy,Smith,AU,2230,01/07/25 10:57 PM UTC,CARD,51162736649,Sales Navigator Core,9.09,90.90,99.99,AUD
Amy,Smith,AU,2230,12/07/24 10:56 PM UTC,CARD,51155273314,Sales Navigator Core,9.09,90.90,99.99,AUD
Amy,Smith,AU,2230,11/07/24 10:57 PM UTC,CARD,51147328645,Sales Navigator Core,9.09,90.90,99.99,AUD
Amy,Smith,AU,2230,10/07/24 10:56 PM UTC,CARD,51138956151,Sales Navigator Core,9.09,90.90,99.99,AUD
Amy,Smith,AU,2230,09/07/24 10:57 PM UTC,CARD,51130984525,Sales Navigator Core,9.09,90.90,99.99,AUD
Amy,Smith,AU,2230,08/07/24 10:57 PM UTC,CARD,51123995393,Sales Navigator Core,9.09,90.90,99.99,AUD
Amy,Smith,AU,2230,07/07/24 10:57 PM UTC,CARD,51118914735,Sales Navigator Core,9.09,90.90,99.99,AUD
Amy,Smith,AU,2230,06/07/24 10:57 PM UTC,CARD,51110188333,Sales Navigator Core,9.09,90.90,99.99,AUD
Amy,Smith,AU,2230,05/07/24 10:56 PM UTC,CARD,51911917872,Sales Navigator Core,9.09,90.90,99.99,AUD
