First Name,Last Name,Company,Job Title,Text,Creation Date,Status
Tracey,Mylecharane,TM Legal Atelier,Business Lawyer (& Founder),"I currently work with Tracey as my business lawyer and am so grateful to have found her. Her expertise and nuanced understanding of the coaching/consulting industry has been invaluable to ensure that the legal aspects of my business are taken care of, allowing me to continue to scale my business with confidence. Tracey is not only thorough and professional but also generous with her time and knowledge. Recently, she delivered a session for members of my In Demand program, and her insights shared on creating client agreements that don’t stall the sales process were a game-changer for our tribe. The kindness and quick clarity that Tracey provides with her approach to her work is highly appreciated, especially in the busy days of running a business! I have no hesitations to recommend her and glad to have her as part of my team.","11/10/24, 03:56 AM",
Frits,Arkema,Digi We Do,Founder,"Frits runs a fantastic digital marketing agency DigiWeDo focused on supporting ecommerce brands.  He's incredibly knowledgeable and creative when it comes to digital marketing with a strong focus on maximising his clients results. He knows exactly how to boost growth and engagement for ecommerce brands, takes the time to understand his clients' needs and operates with a high level of integrity and great sense of humour to match!  If you're looking for someone who truly is an expert in the digital space and genuinely cares about your brand and business success, I highly recommend reaching out to Frits and his team.","05/16/24, 02:09 AM",
Mary Rose,Lila - Gaña,Brave.ah,Director Project Management,I’ve had the pleasure of working closely with Rose on different projects within my business over the last couple of years. Rose’s positive attitude was a welcome addition to the team and she played an instrumental role in supporting our business growth. I highly recommend Rose for her dedication and professionalism. ,"02/16/24, 10:19 AM",
Charisse,Teopiz,South Eastern Community Connect (SECC),Marketing Design Manager,"I've had the pleasure of working with Charisse for over two years now and I wholeheartedly recommend her. She is a reliable self starter and her attention to detail consistently helps her deliver outstanding results. She is an excellent communicator, unafraid to take on new challenges when required and is just a joy to work with. Always a pleasure working with her and seeing her virtual assistant / graphic design business continue to thrive!","11/07/23, 07:13 AM",
Swagata,Bapat,Council To Homeless Persons,Director of Workforce Development,Swagata's energy. passion and ability to ask great questions makes her a stand out coach. I've thoroughly enjoyed working with her to take her coaching business to a whole new level and it was evident to me how dedicated she is to helping her clients find the right mix of work and life balance to enhance their overall wellbeing!,"02/25/22, 06:30 AM",
Kate,C Gray,The Growth Impact Group,Chief Executive Officer,"Kate Gray is a powerhouse Entrepreneur, brand strategist and all round awesome human being. Having attended (and thoroughly enjoying) her events and trainings, I would highly recommend her to anyone who is looking to leverage organic online marketing strategies and get clients using Facebook and Instagram to launch and scale your coaching/consulting business. ","06/21/21, 03:22 AM",
Kevin,Prewett🎙,PodBrand Media,CEO/Founder,I recently appeared as a guest on Kevin’s Rising Tide Startups podcast and I thoroughly enjoyed the conversation and experience. Kevin was a fantastic host and led the conversation with ease. He asked some really great questions to ensure maximum value for the audience and I would have no hesitation in recommending Kevin for his knowledge and expertise with podcasts. ,"10/05/20, 08:02 AM",
Mark,Boyle,32 Acres,Managing Director 32 Acres,"I have had the pleasure of being involved in many meetings and strategic workshops with Mark. Mark has a unique ability to bring people together and cut through to the heart of the issue in a considered and extremely effective way that drives real business results. His level of experience, technical expertise, people focus and ability to convert complex global technology issues into simple solutions is beyond impressive. It has been an absolute joy working with Mark and I would have no hesitations whatsoever in recommending him. ","07/08/20, 03:00 AM",
Nathanial,Bibby,Bibby Media Group,Managing Director | Bibby Media Group – Australia’s Leading LinkedIn Marketing Agency,"Nathanial is a powerhouse when it comes to social selling and LinkedIn strategy. After having the pleasure of joining him on some Industry panels to share insights on LinkedIn content creation strategies, i've always been blown away by his depth of knowledge and experience with the platform. He never fails to bring a high level of expertise and genuine care factor for people, coupled with 'real world' practical applications that any business owner can take and run with. I highly recommend. ","10/02/19, 11:59 PM",
Sally A,Illingworth,Alchemy Impact,General Manager Operations,"Sally is an absolute powerhouse when it comes to brand strategy, content creation and how to build your own personal brand. I had the pleasure of collaborating with Sally and working closely alongside her when running our joint career events. She has a level of business acumen that is well beyond her years and has the heart to truly help people and drive significant business results in the process. Her positive energy is infectious and she continues to exceed expectations with the valuable information she delivers. Don't even hesitate if you are considering working with her and I'm so looking forward to seeing her business and brand continue to skyrocket.    ","03/27/19, 02:59 AM",
Raymond,Su,Canva,Senior Software Engineer,"Raymond's level of professionalism, drive and ambition is well beyond his years. I had the pleasure of working with Raymond as part of the Real Skills Education career program at the University of NSW. Raymond's passion and dedication for helping his fellow students really develop the skills they need to thrive in the workplace shone through and it was an absolute pleasure working with him. ","01/07/19, 11:48 PM",
TAM,NGUYEN,STACK Infrastructure,Accounts Payable Officer,"With a great eye for detail, Tam is a smart, articulate and knowledgeable team player. Her professionalism and positive energy makes her a joy to work with and I have no doubt that she would have a positive impact within any team and organisation. I highly recommend working with Tam if you get the chance to.  ","09/19/18, 04:15 AM",
Ehtesham,Sikander,Optus,Sales Manager,"Ehtesham is a smart, articulate and driven marketing professional. As a results driven self starter, he takes the initiative needed for any project he sets his mind to and produces exceptional outcomes through his marketing efforts. Ehtesham is a forward thinker and is always striving to find new ways to help companies improve their marketing results using the latest marketing best practices and his own insights. I have no doubt he would make a significant impact in any company he chooses to work with and would highly recommend him. ","09/19/18, 04:03 AM",
Mike,Macarambon,TAL Australia,Underwriter,"Mike is a smart, articulate and passionate insurance specialist. He is an incredibly fast learner with a high level of self awareness, consideration for others and incredible problem solving skills which is rare. As a natural leader, I have no doubt Mike will make a positive impact in any team he works with and is extremely knowledgeable across multiple areas in the insurance industry. It has been an absolute pleasure working with Mike and I would highly recommend him. ","08/26/18, 01:38 AM",
Tim,Davis,Fire and Rescue NSW,Manager Talent Acquisition,"I worked alongside Tim on a HR project with The Executive Connection. As a natural problem solver, Tim combined his strategic thinking and high-level communication skills to deliver multiple projects with ease. His efforts were always aligned toward driving significant business outcomes and his solution focused approach saw him deliver results in a short space of time. Tim has the human element of Human Resources in spades and skillfully engages all stakeholders in a positive way. Tim would be an asset to have as a HR partner to any business, would highly recommend. ","02/21/18, 03:34 AM",
Jackie,Bolger,Port Macquarie Hastings Council,Utilisation Officer,"It was an absolute pleasure working with Jackie during my time at the YMCA. Her approachable manner, extensive industry knowledge and ability to successfully manage multiple stakeholders made her an exceptional and well respected leader within the organisation. Jackie was passionate about developing the skills of her team around her and was instrumental in supporting me with my own career development opportunities at the time. I would highly recommend Jackie's leadership and management capabilities and know she would add a huge amount of value to any work she was involved with. ","08/10/17, 07:00 AM",
Jay,Maynard,Global Work & Travel,Chief Sales Officer,"Jay is a natural born leader who is always committed to getting the best out of his team. He has a a great ability to manage, motivate and challenge his team in a fun way, which was instrumental in creating a positive and highly successful team culture. Jay has earnt the respect of his peers and leadership team across the organisation through his strong interpersonal skills, excellent communication, growth mindset and stellar sales track record. It was a pleasure working with Jay and I would not hesitate to work with him again.  ","06/01/17, 04:30 AM",
Tamsin,Chapman,IRT Group,Customer Relationship Manager,"Tamsin is a smart, organised and diligent manager who excelled in her role as Assistant Manager at the Ian Thorpe Aquatic Centre. Her high level of commitment to the organisation and to her work, coupled with her strong ability to manage competing priorities of multiple stakeholders was vital to the effective running of the Ian Thorpe Aquatic Centre. Tamsin managed a variety of key projects including complex budgeting and staffing initiatives and always delivered to a high standard. I would highly recommend Tamsin as I have no doubt she would bring a lot of value to any organisation.  ","04/06/17, 05:53 AM",
Katie,McCormick,Knox Grammar School,Centre Manager and Director of Swimming ,"Katie is an instrumental part of the team at Cook and Phillip Park. She has an impressive track record of dealing with major emergency situations in a calm, safe and professional way, which has lead to positive outcomes. Katie is extremely knowledgeable in all aspects of Pool Operations and is always looking for new ways to continue to grow herself professionally. It was a pleasure working with Katie at my time at the YMCA. ","12/12/16, 03:52 AM",
Brooke,Atkins,LARCAN,Executive Director,"Brooke is one of those rare managers that is not only an extremely capable and dedicated professional but also an inspiring mentor for her team. Working with Brooke at the YMCA during a major period of transition and uncertainty, I was able to witness her natural ability to manage complex and competing stakeholder priorities, high level negotiation skills and superior leadership abilities which enhanced motivation in the team.     Her extensive industry experience and personable, yet pragmatic approach allowed Brooke to gain trust and respect from the team very early on, allowing for positive business outcomes to be achieved very quickly. Brooke has an outstanding ability to fully leverage the capabilities of her team through her coaching approach, great sense of humour and her ability to identify and develop the strengths of each individual. It was always a pleasure working with Brooke and have no hesitations in recommending her. ","08/03/16, 04:05 AM",
