First Name,Last Name,Company,Job Title,Text,Creation Date,Status
Alexander,Heifetz,Complete Loan Solutions P/L (Loan Market Group),"Managing Director, Senior Finance Specialist","I would like to thank and highly recommend Amy for her new 5-days LinkedIn Training program and a chance to participate in her ""In Demand"" Program, which, unfortunately, I couldn't take at the moment. However, I hope to participate in this program in the future.  Amy, you have changed my vision and perception of LinkedIn. You openly shared with some of your LinkedIn intellectual property and exclusive insights, pointing us (participants) to common mistakes that we all make and opened to us a few secrets, gave us some valuable hints.   Amy has a lot of passion and knowledge of LinkedIn. She has charisma and shows a lot of attention and care to people who work with her. She provides a high quality training and exhibits her high level of humbleness, authenticity, knowledge and contribution into our business success.  I was using LinkedIn in the past mostly as IT professional and later (for the last 21 years) as Finance professional, considering LinkedIn only as a tool to search for a new job or communicate with my existing clientele. I was very shy, pure introvert in the past and was still behaving like this on LinkedIn platform. Although, I noticed that LinkedIn has changed and became a social platform, where people raise different questions and put posts on different subjects, sometimes even on very hot political subjects, I still preferred to stay modest and professional, and do not participate much on LinkedIn social media platform. I was not believing in LinkedIn as a tool to generate good leads and attract new clientele, although I have seen a lots of marketing ads selling such opportunities.  Ami, I am glad that I accidentally met you on Facebook and signed up to your Linked Training masterclass. You definitely changed my view and opened my eyes on LinkedIn, inspired me to start using this tool again more actively, made me to change my LinkedIn profile, update my LinkedIn headline, subject and summary, change my behaviour - start posting and commenting more actively again, which is not a problem since I am still keeping my business page and active blog presence on Facebook, educating and communicating there with my existing clientele, and can share some relevant posts with LinkedIn audience. Hopefully, that would give me an opportunity to accelerate and amplify my LinkedIn network, increase visibility and credibility of my business as you taught us, get more followers, and grow my business with a high quality professional clientele.  Amy, I think that I was really very fortunate to meet you and attend your LinkedIn Training courses. It was truly an honour and privilege to have an opportunity to learn from you and I am looking forward to work with you in the future.","05/24/25, 02:50 AM",VISIBLE
Kerry,Milne,GAP.,Founder I Managing Director,"I’m currently a member of Amy’s n Demand Program and initially reached out because I was looking to shake up my business model.  After 7 years of working at a fractional and executive-level CEO and CMO and working on big projects to help clients solve problems stopping them from growing, I wanted to create a more structured and leveraged offering where I could have a wider reach and impact through working with more clients but not losing the quality I am known for.   After only a few short weeks working together and applying her strategies, I saw a fundamental shift of the types of clients I was attracting and even converted an ideal project within the first 3 weeks — and I’m only just getting started!  Amy has a way of breaking things down in a way that’s both strategic and actionable. Having grown so many businesses myself, I wanted to work with a high calibre group of peers and someone who’s been there and done it. Amy is that person. She doesn’t just give suggestions—she helps you implement in a way that gets real results.   One thing I absolutely respect and love about working with Amy is she is constantly looking to add value through her program and optimise her own processes and practices—she never ever suggests doing something she hasn’t already applied and tested herself.   I was hugely selective with the coach and peers I was looking to work with. I met with 3 other coaches and was about to give up when I came across Amy, and I’m so grateful I did.   If you’re looking to attract premium clients on LinkedIn without wasting any more time trying to figure it out on your own, I highly recommend working Amy and her team. ","03/10/25, 09:48 PM",VISIBLE
Robert,Stevens,Robert Stevens COMMERCIAL Real Estate,"Property Manager - Commercial, corporate & industrial property","Amy, thank you for your 5-days Linked In program. You have openly given all a large piece of your Link In intellectual property to set us on the path of business growth. Thanks to the Align Team my Linked In profile has bounced with increased numbers requesting to “follow”. Your season this week have given me the opportunity to accelerate and amplify my Linked In network towards quality business growth.","02/08/25, 03:44 AM",VISIBLE
Christopher,Ebolum,IMMORTAL FINANCIAL SERVICES,Retirement Income Specialist- For Tax Free Retirement Income.,I did have very good conversation with Amy to know how to develop my LinkedIn outreach approach. Her program and support was easy to follow and delivered results. You cannot ask for much more than that If you want to build a strategy around LinkedIn I would recommend you check out Amy's programs.,"08/07/24, 02:22 PM",HIDDEN
Justine Maree,Cox,Rural Financial Counselling Service NSW,Non Executive Board Member,I worked with Amy to develop my LinkedIn outreach approach. Her program and support was easy to follow and delivered results. You cannot ask for much more than that If you want to build a strategy around LinkedIn I would recommend you check out Amy's programs.,"06/05/24, 07:32 AM",VISIBLE
Lisa,Coletta,Governance Collective Pty Ltd,Founder and Managing Director,"I am thrilled to share my incredible experience with Amy's LinkedIn Marketing Program, which I've been enrolled in for the past six months. From the very beginning, Amy's expertise and strategic insights have been game-changers for positioning my offering to my ideal target market.  Amy's models and frameworks have been instrumental in helping me refine my personal brand and effectively position my offerings. By realigning my LinkedIn profile, I've been able to clearly communicate my value proposition to my target market. Her step-by-step guidance on sharing thought leadership content has empowered me to establish a strong and authentic presence on LinkedIn.  The results have been phenomenal. My ideal audience now finds me with ease, and I've seen a significant increase in meaningful connections and engagement. This program has not only enhanced my visibility but also opened up numerous opportunities for collaboration and business growth.  Amy's program is a must for anyone looking to leverage LinkedIn for professional success. Her insights are actionable, her support is unwavering, and the community she has built is incredibly valuable. I highly recommend this program to anyone serious about making an impact in their industry.","06/03/24, 05:51 AM",VISIBLE
Melanie,Smith,Metanoia Consulting Services,Leadership & Career Coach | Consultant | Founder ,"Amy's program and tools have been instrumental for me as I started my Coaching business. She has helped me to work through the development of my business and offerings through structured tools and strategies. Without the support of her program I would still be trying to work it out on my own, rather than building my business and working with amazing clients.  If you are starting out in a service based business or looking to scale I would recommend you reach out to Amy, you won't regret it!","05/22/24, 01:42 AM",VISIBLE
Kate,C Gray,The Growth Impact Group,Chief Executive Officer,Amy is my go to authority with all things LinkedIn!!! I have sent my clients to her and engaged her myself. She is next level and the only person I would recommend to to dominate lead gen on Linkedin. ,"05/20/24, 06:10 PM",VISIBLE
Kylie,Baker,Queensland Police Service,Principal Program Officer,"I am thrilled to recommend Amy as an exceptional business coach. Since I started working with Amy and her team, just a few months ago, the value I have received from her coaching has been phenomenal. In a short period of time, I've seen a significant increase in the quality of LinkedIn connections I'm making, as well as generating numerous innovative ideas for my service-based business; and with Amy's support, I have plans in place to implement these.  One of the most impressive outcomes so far has been the consistent rise in my LinkedIn post impressions and engagement week after week - people are finally seeing the content I am creating! My confidence in content creation has soared, and I now feel that my communication about my business is much more authentic and genuine. No hard sells here!   Amy has truly been instrumental in my professional growth, and I am incredibly grateful for her guidance and continuous support. If you're looking for a business coach who can deliver tangible results and boost your confidence, I highly recommend Amy. See you in the Tribe!","05/19/24, 01:35 AM",VISIBLE
Megan,Tudehope,Hydro Tasmania,Manager Communications,Amy advised our senior executives to build their presence on LinkedIn. She broke through any reluctance barriers by clearly laying out its value in helping to achieve corporate objectives and providing practical tools and tips. LinkedIn engagement has gone up significantly. We appreciated Amy's professional and dynamic approach.,"05/13/24, 07:19 AM",VISIBLE
AJ - Alexandra Joy,"🔥GAICD, MBA, MAHRI",Alexandra Joy Consulting,Founder and Director,Amy is a generous colleague sharing her insights and knowledge freely! ,"02/14/24, 10:48 PM",VISIBLE
Ivan,Ang,MyPath Wealth,Chief Wealth Alchemist,"I thought I had a reasonably good profile on LinkedIn and was using it somewhat effectively. After joining Amy's program and learning each week from her directly and also her training content, it has been a huge eye-opener for me. She definitely knows what she's talking about and I have no hesitation in recommending Amy and her 'In Demand Coach' program. Amy and her team have gone above and beyond to help me and I'm very grateful for it.","03/14/23, 11:13 PM",VISIBLE
Sophie,"Chen, ICF ACC",Leap with Sophie Chen,Founder & Coach,"A year ago, I was contemplating to start my own coaching business.  whilst I was contemplating, I attended a webinar on Building your Personal Brand hosted by Amy....  the rest like they say is history.    Two things I remembered till today after my first conversation with Amy was 1) I got you 2) If you stumble upon a roadblock, run towards me, not away from me.  I could not be more grateful to have Amy walking my journey with me.  It was scary in the first couple of months as it was quite over whelming.  But I trusted the process and I trusted Amy, I followed the programme religiously (well, almost).  My business has gained quite a bit of traction in the past few months and it would not have been possible if I had not been a member of the tribe.  I would have probably quit and went back to corporate.  The lessons and tips from Amy worked and whenever I encounter a roadblock, she would steer me around the block and get me back on track.  Like she promised, 'she got me' and I know she's always there for me.  If you are one of those still contemplating if you should invest in being a member of Aligned Tribe, I'd tell you this - you're wasting your time thinking about it.  If you are a go getter and is focused on getting results ...  Amy is your go-to person!!!","12/12/22, 02:15 PM",VISIBLE
Andrew,Tucker,Magnanimatus Coaching,Founder of the 'Virtue acceleration’ training system,"Having attend one of Amy's five day seminars, I signed up to the In Demand Coach program. Straight form the off I have not been disappointed - she and her team have a clear expertise on LinkedIN and lots of practical tips on how to generate leads. The Facebook community enables you to sense check everything and gain support from a group of like minded people, and the weekly check ins are invaluable. It is a direct result of this program that I have had a major mindset shift in terms of my confidence that, long term, I will make my coaching business a success and it has enabled me to make contacts and leads I never thought would be possible. Highly recommended (and she is also a lot of fun to be on calls with).","06/27/22, 05:00 PM",VISIBLE
Sarah,D'Arcy,BDO in Australia,Partner,"Amy is really helpful, she is clear and concise in her guidance and insightful in the tips and tricks to use to maximise your use of LinkedIn. Thank you for your help, support and guidance.","05/03/22, 02:11 AM",VISIBLE
Anton,Pemmer,Regional Development Australia - Southern NSW and ACT,Regional Development Manager - Southern ,"People ask me about LinkedIn and that I seem to be active on the platform? The answer is yes I am. This is due to the training and assistance that I received in working with Amy Smith. I would have no problems at all in recommending her courses and group work.  The figures don't lie, my average profile views in the year before I worked with Amy was around 160 for 90 days, and now is over 900 views for 90 days. So if you think marketing is a numbers game then there's the proof.  The important thing is also the quality and consistency of her program along with the resources available. Have a chat with Amy and see what you think, you might just be surprised by the results.","04/11/22, 09:53 PM",VISIBLE
Swagata,Bapat,Council To Homeless Persons,Director of Workforce Development,"Wow! Amy is a gun! She really knows her stuff when it comes to using LinkedIn, how to position yourself, being clear about who you serve- and so much more.  As a business coach she provides clear, actionable advice.  I’ve loved working with her! ","02/16/22, 02:03 AM",VISIBLE
Anna,Caley ✅,Anna Caley ,Organisational and Executive Coach,"If you're an action taker and passionate about growing your business on LinkedIn, Amy's In Demand program is for you.  I highly recommend having Amy stretch, challenge and propel you and your business to move forward and get LinkedIn working for you. I overcame the barriers about putting myself on social media with support and encouragement from Amy and her team.","02/15/22, 07:07 AM",VISIBLE
Judith,Taan,Pluralsight,"Senior Regional Manager, Customer Success","What a pleasurable experience it was working with Amy! She articulated well what I was struggling to define, gave me not only a vision but equipped me with practical tools to see it to fruition. ","09/14/21, 03:15 PM",VISIBLE
Magdalena,Tausch,Breakawave,Senior Solution Consultant,"Amy is a true wordsmith. She really knows how to find your authentic self and put that into the right words. She asked precise questions, listened and read between the lines to work her magic. She created a profile which represents my real self and helped me clarify who my ideal clients will be. It was a pleasure working with her and getting the help I need to boost my visibility on linkedin.  She really knows how to use her strengths and knowledge to deliver a great service.  I would 100% recommend her! ","07/03/21, 01:38 PM",VISIBLE
Kate,C Gray,The Growth Impact Group,Chief Executive Officer,"Amy is incredible! I am beyond happy with the support I got with the done for you package. As a busy CEO  I knew I needed a presence on linkedin but it keep getting pushed back on the to do list! Then I met Amy, she saved the day. She is very knowledgable on all things branding, marketing and linkedin. She nailed my brand and positioning as well as delivered very quickly! ","06/27/21, 03:25 AM",VISIBLE
Jeffrey,Slayter,Industry Rockstar,Foundational & Strategic Contributor | Serving Privately When Called," Amy really knows her stuff when it comes to leveraging LinkedIn to drive real business results. I was impressed with her depth of experience with the platform, her genuine ability to meet me exactly where I was at and provide real life practical insights not just the theory. Having been in the coaching space for over 15 years, teaching over 3 million people worldwide, Amy stood out to me as someone who ‘walks her talk’, has the ability to deliver at a high level and genuinely wants the best for her clients. I would highly recommend hiring her as a coach/consultant/speaker","05/11/21, 12:33 AM",VISIBLE
Manju,Janarthanan,Macquarie Group,Senior Quality Engineer,"I attended Amy's session on 'Build your personal brand using LinkedIn'. Her tips on how to use LinkedIn effectively was an eye opener. she has lot of experience in recruiting, coaching & influencing people. Her session was highly engaging and extremely useful for me. She gives very useful tips & tricks which are generally unknown or unheard of. She herself is a 'brand'  I would highly recommend Amy's session for all. I wish her all the best in her future endeavours. ","02/11/21, 07:50 AM",VISIBLE
Susan,Pan,Octopus Deploy,Software Engineer,"I have nothing but great feedback for Amy! She presented a clear, concise presentation brimming with great tips and tricks to improve your LinkedIn presence. Her approach to creating an interactive and engaging seminar in the age of zoom meetings was refreshing and highly appreciated!!  I highly recommend attending one of Amy's talks as you will leave with plenty of actionable items and a great sense of inspiration.","02/10/21, 12:09 AM",VISIBLE
Kevin,Prewett🎙,PodBrand Media,CEO/Founder,"Amy was one of the most knowledgeable and humble guests we have ever had on the podcast.  I think I actually enjoyed the off-air chat even more than the interview.   A wealth of experience that exceeds the actual chronology, Amy has the capability of delivering on promises, leading from a supportive stance and moving the needle for your company, in just about any sector.  ","10/03/20, 12:32 PM",VISIBLE
Mark,Boyle,32 Acres,Managing Director 32 Acres,"I was immediately encouraged by Amy's approach to the development of a Marketing and Communications strategy for our Company.  Amy's ability to quickly gain an appreciation of the challenge at hand and to fashion a approach reassured me that we had chosen the right team to work with.  The resulting strategy not only provided a roadmap for our Marketing and Communications strategy, but also highlighted business expansion opportunities.","07/02/20, 06:13 AM",VISIBLE
Andrew,Bird,Foundstone Advisory,Managing Director,"Amy was able to simply “cut through all the noise” and show practical examples of how to have real empathy for your current and potential customers.    Unlike many other “social” influencers, Amy has a very natural and real approach.  There’s no fake hype or bravado that we know fades prity quickly.  Rather, she both encourages and inspires people to be themselves and to grow awareness and real business through connecting with like minded people. I would highly recommend Amy. ","06/25/20, 04:53 AM",VISIBLE
Alexi,Boyd,Small Biz Matters,"Lead Consultant, Broadcaster","I was lucky enough to have Amy Smith on my radio show Small Biz Matters about a year ago. I still get comments on the podcast downloads on how informative, interesting and engaging she was as a speaker. We had may have prepped for the interview but no notes we needed; and it meant that the conversation could flow into new and interesting directions and Amy’s knowledge went right there with it! I wouldn’t hesitate in recommending her for any speaking position because I know that she speaks with integrity, credibility and a vast array of technical knowledge  and anecdotal experience.","06/24/20, 11:33 PM",VISIBLE
Tanveer,Shaikh,United Consulting ,Recruitment Consultant | Technology Hiring | Account Management,"I have been following Amy from quiet a long time on LinkedIn and recently had a conference call with her on the topic, career/ business development.   Amy has a pleasant personality and possess good leadership skills. She guided me well, based on my career goals, gave me insights on present market volatility and prediction on future market conditions.   Her advices will surely help me in planning things strategically with regards to career development and entrepreneurship.   "" A leader is someone from whom one gets an inspiration to learn more, do more and become more "" hence, I would highly recommend her for the qualities she possess and would be looking forward to continual learning from her. ","05/02/20, 06:28 PM",VISIBLE
Mae,Azarcon,Filipino Autism Parents,Community Manager,I joined Amy's Virtual Coaching Hour and really enjoyed the discussion. She is a pro when it comes to giving tips and advices on how to boost your career or business. You will learn a lot from her. She is a  highly-recommended coach!,"04/21/20, 12:24 AM",VISIBLE
Daniela,Prochnik,insightsoftware,Senior Talent Acquisition Specialist- GTM,"Amy gave me really valuable insight and advice around business, branding and entrepreneurship.  I was really impressed with her and would highly recommend her.  ","04/13/20, 09:03 AM",VISIBLE
Evelyn,Gardis,The Legal Problem Solver,Principal,Attended a Linked in presentation with Amy on the panel. Made learning process easy and learnt useful tips. Was down to earth and approachable and was happy to help you grow and encouraging.,"02/02/20, 02:13 AM",VISIBLE
Phil,Wolffe,Kinex Health,Workplace Wellbeing Specialist - Managing Director ,"I went to an event that Amy was speaking at and was greatly impressed. Her level of knowledge, and the amount of value she brought to myself and the rest of the audience, was excellent. Would highly recommend hearing her speak!","01/23/20, 12:46 AM",VISIBLE
Eleos,Theofilus Gandawidjaja,ET & Co-Partner Enterprise,Founder,Highly Recommended!,"10/26/19, 02:33 PM",HIDDEN
Linda,Lou,Hope Media Limited,Key Relationships Manager,"It was a pleasure working with Amy. She has not only provided me with professional development tools to succeed but has strengthened my mindset to be a valuable and dedicated asset for my workplace. She has helped me build confidence to see my strengths in a positive light. If you're not sure about how to take the next step to strengthen your professional career, then take the first step of contacting Amy.","10/09/19, 05:57 AM",VISIBLE
Nathanial,Bibby,Bibby Media Group,Managing Director | Bibby Media Group – Australia’s Leading LinkedIn Marketing Agency,"Amy is the go-to for career in advice in the modern era. She is one of the best social media minds in Australia and I am grateful that I had the opportunity to share the stage with Amy on a couple of occasions. She always brings value and I've found her to be honest and empathetic. I look forward to continuing to recommend Amy's services to clients that want to engage teams, find talent, develop careers, and the like. 5 stars from me.","10/03/19, 01:42 PM",VISIBLE
Rebecca,McDermott,TAFE NSW,Senior Change and Business Analyst,"I had heard of Amy and her work from colleagues and she came highly recommended not just in terms of LinkedIn content strategy, but for her expertise and experience in coaching and development. I then attended 'unleash the power of LinkedIn content creation' at GA and I was really impressed by her authenticity and ability to connect with people on a genuine level.  She adds incredible insight and depth of experience that she presents so accessibly. Highly recommended that you connect with Amy, follow her, or attend one of her events to get invaluable advice to grow your own brand. ","08/22/19, 01:10 AM",VISIBLE
Waleed,Zafar,Westpac,"Executive Manager, UNITE Business Delivery | Chief Transformation Office","Amy is highly knowledgeable, charismatic and a thought leader within the field of career development & personal brand. After hearing Amy share her insights on several podcasts on the topics of networking & personal development, I was fortunate to attend her workshop in Sydney on 'Unleashing the Power of LinkedIn Content Creation'. Amy went above and beyond to share her tips and personal experiences on building an effective personal brand through the LinkedIn platform which I found practical and easy to follow. I was particularly impressed with Amy's genuine passion for helping others which is reflected through her approachable demeanour.   I highly recommend that you follow Amy's content and I look forward to learning more from her.","08/20/19, 08:14 AM",VISIBLE
Betinho ,Soares,Page Personnel,Casual Employee ,"I was very fortunate to attend an event called ""Unleash The Power of Linkedin Content Creation"" held at GA Sydney in which Amy was one of the panel contributors. Given her level of humbleness, authenticity and exclusive insights, it was truly an honour and privilege to have had the opportunity to learn from her. If you're looking for someone to learn how you use Linkedin to build your own personal brand, I seriously recommend Amy to be that person.","08/20/19, 06:23 AM",VISIBLE
Alan,Chan,Waverley Council,"Senior Project Officer - Community, Culture & Customer Experience","I attended the Unleash the power of LinkedIn content creation night at General Assembly, where Amy was on the panel of speakers. She was really wonderful and provided great insight of the LinkedIn platform and dived deep into content creation best practice. I walked away feeling incredibly inspired and empowered. Thank you Amy! ","08/20/19, 04:54 AM",VISIBLE
Yvette,Mayer,Yvette Mayer Consulting,The Lit Up & Liberated Entrepreneur:  Human Design informed Business & Marketing Coach,"I was lucky enough to be in the audience for a panel session on the 'Power of LinkedIn content creation"".  Amy as a panelist really stood out for her authentic perspective and actionable insights. Also, she is incredibly humble and successful - a rare combination. Whether you're looking at an event she's speaking at, or hiring a speaker, she gets a vote from me!","08/14/19, 04:54 AM",VISIBLE
Lily,Clothier,SS&C Technologies,"Growth Marketing Manager, APAC","I saw Amy present on a recent panel surrounding the power of LinkedIn. Great knowledge, understanding and command of the platform.  Her ability to communicate with the audience was flawless. Being able to see how far others have come using LinkedIn is great and Amy made her story really relatable. ","08/13/19, 11:40 AM",VISIBLE
Lily,Machado,Klaviyo,Sr. Onboarding Specialist,"Amy, thank you! I want to recommend Amy’s course and coaching sessions for everyone looking to be successful and happy in their career.  I was afraid of applying for my dream job because I had NO experience.  Amy called me to have our coaching session and she asked me: “Why don’t you start applying for jobs that you want?”  I’m very conscious of how our mindset can change our life, but even knowing the importance of my positive mindset I was sabotaging myself with my self-talk.  Then, I started her online course/ coaching sessions which helped me a lot to overcome my limiting beliefs and in achieving my career goals.  I just started applying for the jobs that I could visualise myself working on.  In my first week doing her course, I got my first interview with the job that I wanted to do and in the industry I wanted to work, even without experience. I got the job.   At the same time, I went to the next stage with 3 other companies in the same industry that I wanted to work.   Results:  I got offers with all these companies that I had interviews.  I arrived in Australia almost 3 years ago and I’m still improving my English. This was my biggest barrier that I had to overcome. I often thought I wasn’t good enough and Amy’s course brought me the knowledge and confidence to look for the job that I wanted to do it.  Amy, thank you for bringing my confidence back and my dream job! You are amazing and your course is complete enough to help anyone looking for a successful career, changing jobs/ industry and find their passion. ","08/03/19, 09:46 AM",VISIBLE
Anne,Koopmann-Schmidt,Lead Like YOU!,Founder | Leadership & Team Development Consultant | Corporate Trainer & Facilitator | Coach,I heard Amy present at a General Assembly event where she shared her LinkedIn insights and strategies for how both companies and individuals can enhance their presence online. I really enjoyed the night and learnt that the most important step is to start sharing content and being consistent. It is important to be authentic and ensure you deliver value with every post. Amy is very approachable and you can see that she truly enjoys her work and to help people grow. I would highly recommend working with Amy.,"06/29/19, 10:22 AM",VISIBLE
STEVE,MCMENAMIN 🏡 ,House Land Co Pty Ltd,Managing Director | CEO ,"I have just recently met Amy at the General Assembly in Melb, this lady really knows her stuff when it comes to Linkedin. It doesn’t have to be perfect but get it done when it comes to posts, adjust as “copy” when you have time. I have been a part of the Linkedin family actively for just over 12 months and tonight I knew the basics pretty well.   Amy is an example of what LinkedIn and can create and I’m proud to say she is just as genuine in real life.   If you needed advice/content ideas/LinkedIn spruce up or to take your profile to another level then Amy would be my go to.   ","06/27/19, 12:35 PM",VISIBLE
Tom,Larter ,WithYouWithMe,Chief Executive Officer,"Amy was an absolute legend for our recent podcast. Amy’s a leader in her field and provided great insight and knowledge on future of workers, millennial talent pools and hiring processes of the future. Amy is a real asset and I look forward to working more with her. ","06/19/19, 08:59 AM",VISIBLE
Gladys,Chee,NSW Health,Epic Willow Analyst,"Career Mastermind was worth getting up early on a Saturday morning for. Amy's advice was practical and sensible, which is refreshing given there is so much competing information and advice out there. Thank you Amy!","06/08/19, 09:07 AM",VISIBLE
Nicole,Treasure PCC,With a Twist Pty Ltd,Founder and Director,I thoroughly enjoyed the content and insights Amy shared at the recent Mastermind program. Amy's expertise on how to find clarity with your career direction and what really works with your personal branding and LinkedIn profile provided enormous value to the group. Amy appreciates what competing on a global scale looks like and what works best to grow your influence and impact. Amy delivered practical advice and personalised learnings. Thank you Amy!,"04/12/19, 07:39 AM",VISIBLE
Yuli,Candiago,Environmental Verification,Managing Director,"Amy exceeded my expectations and delivered great values in Career and LinkedIn Mastermind workshop. I especially appreciate Amy's advice on career and personal branding from a holistic approach, instead of the reactive and tactical approach. I highly recommend Amy to anyone who is considering her workshops or services.","04/11/19, 01:03 AM",VISIBLE
Tanja,Walker,Strengths Centric,Founder and Strengths-Based Mentor and Coach,"Millennial Career Mastermind isn’t just for Millennials, it’s for anyone wanting to cut to the chase and create an authentic personal brand. Amy’s passion, energy and enthusiasm shone through. There’s so much competing information and advice out there, sometimes it’s hard to know what to listen to. I loved how Amy effortlessly broke key elements down using simple language everyone could understand. At the end of the day, I walked away with a clear, actionable strategy on how to effectively leverage LinkedIn to build a digital presence that feels genuine and aligned with my values and strengths. Thanks Amy for so generously sharing your knowledge and expertise.","04/06/19, 07:17 AM",VISIBLE
Dean M,Lloyd,Lloyd Criminal Consulting Co,Founder,Amy’s knowledge and insight into the millennial job seeker market is evident when you talk with her.   What I have found so impressive is her congruence. Amy does what she says she is going to do. I have no hesitation recommending Amy for any employment or business opportunities.   Dean M Lloyd. ,"03/27/19, 09:19 AM",VISIBLE
Danny,A Shannon,Encapsulator,CEO,"Amy was such a wonderful host at the recent meet up of millennial workforce and I appreciate the one on one time she allowed me and the tips to build my LinkedIn space.   In the past 2 weeks I have benefited greatly by the free advice that was given on that night and I have already increased my interaction with others 10 X  I am extremely excited to participate in her next workshop on the 5th of April.   Thank you so much Amy for your ongoing support, you reach out often and this has meant the world to me 🙏","03/27/19, 03:54 AM",VISIBLE
Andrew,Third 🌏,Core Success,Co-Founder,"Amy's passion and caring nature for people is what sets her apart from the rest. The wealth of knowledge Amy has in helping people find their future career is second to none. For anyone looking for direction needs to speak with Amy, I highly recommend.","03/27/19, 03:21 AM",VISIBLE
Don,Valix,Self-employed,Marketing & Digital Media Manager,Amy gave an insightful presentation about networking for career success. Her experience in the field certainly shine through in her presentation. It's amazing and inspiring to see her passion to help people find their dream careers.  ,"02/21/19, 01:15 AM",VISIBLE
Raymond,Su,Canva,Senior Software Engineer,"Amy is a true ambassador for all things learning, development and professional growth. Throughout every engagement with Amy, I found myself delighted with her level of kindness, flexibility and passion. Amy stood out to me as one of the most invested professional I have worked with, going that extra mile to ensure that she delivered MAXIMUM value. She is an extraordinary individual and I would highly recommend her to anyone. ","02/13/19, 11:02 AM",VISIBLE
Linda,Peyronny,Orchard,Senior Project Manager,"Amy was so supportive as my coach helping me with the right strategy to begin my career here in Australia. After working with her for only a week I was able to get the clarity I needed to feel completely confident in my interview, which resulted in me being offered my dream role on the spot! I highly recommend working with Amy. She is the best coach I've ever had! ","01/20/19, 10:08 PM",VISIBLE
Ehtesham,Sikander,Optus,Sales Manager,"I came to Amy not having the right direction of the career i wanted to pursue in. I can gladly say i have never had a more clear path towards what i wanted. Not only does she have phenomenal interpersonal skills but the right tools/techniques to accelerate your career. She is smart, very organized and treats you like a human being rather than just a number. So far i am quite satisfied with the progress I have made. I highly recommend Amy if you are facing difficulties getting the job you want, If there is an inch of doubt you have just message Amy because the bottomline is she a ROCKSTAR !","09/21/18, 02:04 AM",VISIBLE
Mike,Macarambon,TAL Australia,Underwriter,"I owe my current career success to Amy! She has been very instrumental into where I am now. My detoured journey would not be redirected if it were not for her. So if you are facing any career issues at the moment, may it be from looking for your dream job or getting promoted fast, I highly recommend Amy to be your mentor.","08/26/18, 03:28 AM",VISIBLE
Nicola,Zammit,MECCA Brands,Senior Colour Specialist ,I would happily recommend working with Amy. After her coaching I feel way more confident going forward. She really knows her stuff and has helped me with the next steps to take forward and also the clarity I needed to get where I want to be in my career. It was great working with her. ,"04/23/18, 10:56 AM",VISIBLE
Ingrid,Thompson,Healthy Numbers Pty Ltd,Business Consultant and Financial Educator,"I started working with Amy because I knew I needed help and this has been one of the best business decisions I've made. Amy’s professional experience and insights combined with personal coaching, has been instrumental in helping me to reach a new level in my business. As a business coach myself with over 20 years experience, I knew I needed ""the right coach"". Amy’s feedback and guidance has equipped me with new tools and improved confidence to reach my business development goals.  Amy is authentic and professional. This makes her so easy to to work with and I highly recommend her coaching.","04/08/18, 06:08 AM",VISIBLE
Tim,Davis,Fire and Rescue NSW,Manager Talent Acquisition,Amy has exposure to a broad range of industries and businesses of varying scale and that enables an objectivity to problem solving which is rare. She takes great care to understand people and the challenges they face in business before attempting to diagnose problems and recommend solutions.   We worked together at TEC automating a business process that delivered an improved customer experience as well as cost reductions around time and money. It is her attention to detail combined with a healthy sense of impatience that helped us to deliver these improvements in a short space of time.  ,"02/05/18, 03:18 AM",VISIBLE
Ryan,O'Loughlin,Office of Sport,Manager - Operations,"Amy was a huge asset to our organisation when we worked together at the YMCA NSW. We immediately starting seeing results with the new processes she implemented, which met our high compliance requirements whilst also cutting down the average time to hire from over 4 weeks to less than 2. Her practical approach, good sense of humour and positive attitude allowed her to build strong relationships across the organisation. It was a pleasure working with Amy. ","11/29/17, 04:26 AM",VISIBLE
Matthew,Baigent,Inner West Council,Recreation Coordinator,"I worked alongside Amy in the senior management team during my time at YMCA NSW. Amy was instrumental in training and coaching me through recruitment best practices, which allowed me to be able to hire effectively in a very fast paced environment. She took on tough challenges with ease and was always focused on finding better solutions. Her processes saved myself and others in the organisation a tonne of time which made us more effective in our roles as managers. If you are considering working with Amy, I would highly recommend it.","11/29/17, 12:49 AM",VISIBLE
Katie,McCormick,Knox Grammar School,Centre Manager and Director of Swimming ,"Amy during her role as Human Resources Coordinator, was highly effective at setting up and managing Recruitment processes.   She was pivotal in training hiring managers around recruitment strategies and interview techniques.   She put into practice various usable templates and flow charts simplifying process and positioned herself as the ""Go too"" for the entire Metro base.   She assisted all levels of staff with her friendly approachable manner, and greatly influenced the culture in a positive way.  ","01/29/17, 05:38 AM",VISIBLE
Jay,Maynard,Global Work & Travel,Chief Sales Officer,"I worked with Amy during the early establishment of the sales team for the London office at The Global Work & Travel Co. Amy bought a positive, energetic approach to her work and exceptional industry knowledge to the team. She consistently exceeded performance expectations and brought a lot of new ideas to the table. I am confident she'd be an invaluable asset to any organisation, particularly in a client or account management setting.","09/16/16, 03:59 AM",VISIBLE
James,Duffy,Vision Personal Training Franchises Australia & New Zealand,Head of Marketing,"It was a pleasure to work with Amy in my time with the YMCA. A seasoned professional whom was a crucial part of the makeup for theYMCA Metro team. Amy ensured the highest quality and ethical standards when it came to recruitment and implementing critical HR strategies for the YMCA.     Her enthusiasm, work ethic, dedication and her attention to detail are second to none. An amazing asset to any business and would highly recommend.","08/10/16, 11:03 AM",VISIBLE
Brooke,Atkins,LARCAN,Executive Director,"Amy was instrumental as a HR representative through a major change management process, helping numerous staff members transition their employment to a new provider or explore further opportunities in their current organization.     Amy has exceptional attention to detail, is thorough and knowledgable in numerous HR functions. Amy also has great interpersonal skills and is a thought leader within the organizational framework.     Amy provides sound and reliable HR advise and is central to driving and maintaining positive culture in the workplace. ","08/02/16, 12:13 PM",VISIBLE
Victoria,Head,FranConnect,Customer Success Manager,"Amy worked diligently in HR and recruitment whilst we were colleagues at YMCA NSW. Amy was selected to assist the HR Head Office team to roll out new strategies and procedures and train others in new recruitment and induction training online systems. Amy was well respected and managed this project roll out with professionalism and efficiency.  In addition to this (and her regular role), Amy managed a new site transition in the ACT, facilitating the entire end to end recruitment process for over 60 staff within a week. This required Amy to be focused, personable and extremely organised, which she managed with ease.","07/30/16, 03:32 AM",VISIBLE
Dan,Stephen,Jasper,Head of Strategic Partnerships,"Amy understands how people operate and has superior interpersonal skills, which makes it easy for her to gain the trust of customers and colleagues very early in the relationship. She demonstrated a deep understanding of the customer lifecycle and its nuances and always delivered exceptional customer service and experiences.    She has a positive and upbeat attitude that is contagious and her positive energies are always channeled in the right direction. Amy, would be a valuable member of any team and an great asset to any organisation she chooses to join.","08/30/13, 02:20 PM",VISIBLE
Oliver,Ashworth,Versent,Digital Services Partner,"Amy has made a positive impact in our team and on our business from day one. A smart, articulate, fast learning teamplayer Amy hs taken the role by both hands and impressed us all.","08/15/13, 04:41 AM",VISIBLE
