savedItem,CreatedTime
https://www.linkedin.com/feed/update/urn:li:article:9164334234731499077,2022-03-06 02:04:40
https://www.linkedin.com/feed/update/urn:li:article:7462853214115983737,2021-10-29 00:29:30
https://www.linkedin.com/feed/update/urn:li:activity:6823622060305195012,2021-07-28 23:34:57
https://www.linkedin.com/feed/update/urn:li:activity:6801050585568219136,2021-06-01 08:58:21
https://www.linkedin.com/feed/update/urn:li:activity:6779870922955481088,2021-03-23 03:46:27
https://www.linkedin.com/feed/update/urn:li:activity:6765148448523194368,2021-03-07 22:32:47
https://www.linkedin.com/feed/update/urn:li:activity:6769599618742304768,2021-02-27 09:10:23
https://www.linkedin.com/feed/update/urn:li:activity:6710970446310854656,2020-09-13 22:12:48
https://www.linkedin.com/feed/update/urn:li:article:8195904799919376795,2020-08-19 05:28:56
https://www.linkedin.com/feed/update/urn:li:article:7257947171773878555,2020-08-16 22:37:02
https://www.linkedin.com/feed/update/urn:li:activity:6688096585156583424,2020-07-15 01:17:12
https://www.linkedin.com/feed/update/urn:li:activity:6669491617436581888,2020-05-22 09:39:50
https://www.linkedin.com/feed/update/urn:li:activity:6666388610918473728,2020-05-13 21:16:11
https://www.linkedin.com/feed/update/urn:li:activity:6664964950752141312,2020-05-10 01:49:04
https://www.linkedin.com/feed/update/urn:li:article:7059227953450311496,2020-03-10 09:10:43
https://www.linkedin.com/feed/update/urn:li:article:9164515086792776878,2020-02-27 00:45:31
https://www.linkedin.com/feed/update/urn:li:activity:6630686789189406720,2020-02-05 10:47:31
https://www.linkedin.com/feed/update/urn:li:activity:6626476270467235840,2020-01-24 21:27:53
https://www.linkedin.com/feed/update/urn:li:activity:6625515323015688192,2020-01-21 23:18:04
https://www.linkedin.com/feed/update/urn:li:activity:6624344929177006080,2020-01-18 20:44:21
https://www.linkedin.com/feed/update/urn:li:article:8141593319875256036,2020-01-07 13:15:53
https://www.linkedin.com/feed/update/urn:li:activity:6609754254804570112,2019-12-09 18:45:11
https://www.linkedin.com/feed/update/urn:li:article:9063841508748503821,2019-12-03 06:27:33
https://www.linkedin.com/feed/update/urn:li:activity:6605270938181263360,2019-11-27 01:58:15
https://www.linkedin.com/feed/update/urn:li:article:7476873974359770273,2019-10-06 21:24:43
https://www.linkedin.com/feed/update/urn:li:article:8956355520286206884,2019-10-03 04:10:38
https://www.linkedin.com/feed/update/urn:li:article:9038473293782472654,2019-10-02 22:37:28
https://www.linkedin.com/feed/update/urn:li:article:7719641672239795462,2019-09-26 23:45:32
https://www.linkedin.com/feed/update/urn:li:article:8574544652654585065,2019-09-19 04:02:08
https://www.linkedin.com/feed/update/urn:li:article:8271333609612960084,2019-09-19 04:02:03
https://www.linkedin.com/feed/update/urn:li:article:8794749038694973192,2019-09-19 04:01:56
https://www.linkedin.com/feed/update/urn:li:article:7378184843597929371,2019-09-05 22:34:09
https://www.linkedin.com/feed/update/urn:li:article:7524826416883458500,2019-09-03 00:36:11
https://www.linkedin.com/feed/update/urn:li:article:7821234797420917451,2019-08-30 13:29:39
https://www.linkedin.com/feed/update/urn:li:article:9012362316601359244,2019-08-29 07:53:06
https://www.linkedin.com/feed/update/urn:li:article:7220536040871620951,2019-08-27 23:11:34
https://www.linkedin.com/feed/update/urn:li:article:7654581190615002103,2019-08-19 12:19:42
https://www.linkedin.com/feed/update/urn:li:article:8954384217402157918,2019-08-15 23:23:21
https://www.linkedin.com/feed/update/urn:li:article:7568235505951926796,2019-08-12 06:04:36
https://www.linkedin.com/feed/update/urn:li:article:7875539652744008806,2019-08-06 10:03:55
https://www.linkedin.com/feed/update/urn:li:article:8841448739933575925,2019-08-05 06:00:21
https://www.linkedin.com/feed/update/urn:li:article:8466433309437802052,2019-08-05 06:00:00
https://www.linkedin.com/feed/update/urn:li:article:7543375778282045938,2019-07-22 01:30:45
https://www.linkedin.com/feed/update/urn:li:article:9146642384351405009,2019-07-19 21:59:35
https://www.linkedin.com/feed/update/urn:li:article:8668765115889519896,2019-07-19 11:55:47
https://www.linkedin.com/feed/update/urn:li:article:7231296848048489399,2019-07-19 02:07:33
https://www.linkedin.com/feed/update/urn:li:article:7482070020604550345,2019-07-11 09:45:53
https://www.linkedin.com/feed/update/urn:li:article:7109133345602368927,2019-07-10 10:46:19
https://www.linkedin.com/feed/update/urn:li:article:7800757861240906807,2019-07-09 07:29:28
https://www.linkedin.com/feed/update/urn:li:article:7548899962518626956,2019-07-09 02:21:46
https://www.linkedin.com/feed/update/urn:li:article:7114202644995858322,2019-07-02 12:47:26
https://www.linkedin.com/feed/update/urn:li:article:7769091319092829132,2019-07-02 11:54:09
https://www.linkedin.com/feed/update/urn:li:article:8530349047215630125,2019-07-01 07:38:15
https://www.linkedin.com/feed/update/urn:li:article:8479986054283893931,2019-07-01 06:36:07
https://www.linkedin.com/feed/update/urn:li:article:8006727020508318855,2019-06-19 02:36:12
https://www.linkedin.com/feed/update/urn:li:article:7165292537448553781,2019-06-17 23:48:00
https://www.linkedin.com/feed/update/urn:li:article:8271571917859503510,2019-06-17 22:26:53
https://www.linkedin.com/feed/update/urn:li:article:7743372417893845159,2019-06-12 08:59:44
https://www.linkedin.com/feed/update/urn:li:article:6966505808158714509,2019-06-11 21:31:28
https://www.linkedin.com/feed/update/urn:li:article:7851492518731219019,2019-06-07 22:24:26
https://www.linkedin.com/feed/update/urn:li:article:7283555321580450877,2019-06-04 01:10:41
https://www.linkedin.com/feed/update/urn:li:article:8533686773429865650,2019-06-04 01:10:37
https://www.linkedin.com/feed/update/urn:li:article:8514719097204136052,2019-06-04 01:10:36
https://www.linkedin.com/feed/update/urn:li:article:7451946628098715304,2019-05-21 23:22:38
https://www.linkedin.com/feed/update/urn:li:article:6954795835477297941,2019-05-04 03:14:24
https://www.linkedin.com/feed/update/urn:li:article:7662501938981488797,2019-04-26 10:24:42
https://www.linkedin.com/feed/update/urn:li:article:8275689865938683029,2019-04-26 02:30:00
https://www.linkedin.com/feed/update/urn:li:article:8679921676306014318,2019-04-19 06:29:48
https://www.linkedin.com/feed/update/urn:li:article:9105822186017943704,2019-04-17 22:36:08
https://www.linkedin.com/feed/update/urn:li:article:8805429330125215126,2019-04-17 11:40:36
https://www.linkedin.com/feed/update/urn:li:article:7156401548383048874,2019-04-16 21:14:51
https://www.linkedin.com/feed/update/urn:li:article:8785812950984602559,2019-04-16 13:14:53
https://www.linkedin.com/feed/update/urn:li:article:8012630544821592931,2019-04-16 12:32:33
https://www.linkedin.com/feed/update/urn:li:article:8202204521669203716,2019-04-16 06:51:54
https://www.linkedin.com/feed/update/urn:li:article:8056759151785155870,2019-04-16 05:34:31
https://www.linkedin.com/feed/update/urn:li:article:8948155913702189502,2019-04-14 12:25:30
https://www.linkedin.com/feed/update/urn:li:article:8169042121710965772,2019-04-14 12:20:32
https://www.linkedin.com/feed/update/urn:li:article:7777294211217779741,2019-04-14 12:11:09
https://www.linkedin.com/feed/update/urn:li:article:8006385152933420505,2019-04-14 12:09:37
https://www.linkedin.com/feed/update/urn:li:article:8751801600410575773,2019-04-14 03:18:07
https://www.linkedin.com/feed/update/urn:li:article:9011078720123441694,2019-04-13 04:30:13
https://www.linkedin.com/feed/update/urn:li:article:7458186659242575652,2019-04-13 01:38:24
https://www.linkedin.com/feed/update/urn:li:article:8933332834151045255,2019-04-08 00:12:24
https://www.linkedin.com/feed/update/urn:li:article:8805442443458252892,2019-04-07 11:48:00
https://www.linkedin.com/feed/update/urn:li:article:7204623238835850512,2019-04-06 20:55:41
https://www.linkedin.com/feed/update/urn:li:article:8864680460506065340,2019-04-03 10:32:57
https://www.linkedin.com/feed/update/urn:li:article:8488360213255090033,2019-04-03 09:32:58
https://www.linkedin.com/feed/update/urn:li:article:7428968868696684008,2019-03-28 05:15:52
https://www.linkedin.com/feed/update/urn:li:article:7353653752825240850,2019-03-27 21:24:32
https://www.linkedin.com/feed/update/urn:li:article:7394236467345261160,2019-03-27 11:57:29
https://www.linkedin.com/feed/update/urn:li:article:6930661409121855910,2019-03-22 12:28:58
https://www.linkedin.com/feed/update/urn:li:article:7530271171100393748,2019-03-22 12:23:53
https://www.linkedin.com/feed/update/urn:li:article:7704415352474096039,2019-03-21 20:29:14
https://www.linkedin.com/feed/update/urn:li:article:7274628937284708199,2019-03-20 02:56:13
https://www.linkedin.com/feed/update/urn:li:article:7739762827219201406,2019-03-07 07:14:10
https://www.linkedin.com/feed/update/urn:li:article:8432719283535116248,2019-02-28 12:05:25
https://www.linkedin.com/feed/update/urn:li:article:7998326945754304422,2019-02-26 22:43:29
https://www.linkedin.com/feed/update/urn:li:article:7975207653884099862,2019-02-16 11:26:18
https://www.linkedin.com/feed/update/urn:li:article:8761011693577623883,2019-02-16 07:03:07
https://www.linkedin.com/feed/update/urn:li:article:7932585148035603912,2019-02-15 00:16:15
https://www.linkedin.com/feed/update/urn:li:article:7819391647991118772,2019-01-31 00:32:51
https://www.linkedin.com/feed/update/urn:li:article:8318863688921119086,2019-01-29 02:31:25
https://www.linkedin.com/feed/update/urn:li:article:7163151470347017317,2019-01-28 22:14:34
https://www.linkedin.com/feed/update/urn:li:article:7380956212199480803,2019-01-28 05:10:58
https://www.linkedin.com/feed/update/urn:li:article:8280521328121316348,2019-01-24 04:56:35
https://www.linkedin.com/feed/update/urn:li:article:7816980288926914527,2019-01-21 21:38:20
https://www.linkedin.com/feed/update/urn:li:article:8604651359601598084,2019-01-21 20:20:03
https://www.linkedin.com/feed/update/urn:li:article:8270628714779823388,2019-01-20 13:18:08
https://www.linkedin.com/feed/update/urn:li:article:8077739409479388260,2019-01-16 23:14:01
https://www.linkedin.com/feed/update/urn:li:article:7620945332040798151,2019-01-15 09:30:47
https://www.linkedin.com/feed/update/urn:li:article:7259307258612558403,2019-01-15 09:20:47
https://www.linkedin.com/feed/update/urn:li:article:8290519906836939910,2019-01-11 23:51:41
https://www.linkedin.com/feed/update/urn:li:article:8656426965061431571,2018-12-18 22:05:51
https://www.linkedin.com/feed/update/urn:li:article:8411930919747804378,2018-12-02 20:49:32
https://www.linkedin.com/feed/update/urn:li:article:7870619984034661200,2018-11-12 10:06:07
https://www.linkedin.com/feed/update/urn:li:article:8461857270954005539,2018-11-12 09:58:50
https://www.linkedin.com/feed/update/urn:li:article:8681852757949113605,2018-11-08 22:31:11
https://www.linkedin.com/feed/update/urn:li:article:7332213185309079951,2018-11-04 22:58:34
https://www.linkedin.com/feed/update/urn:li:article:8155774452413220737,2018-10-31 01:24:19
https://www.linkedin.com/feed/update/urn:li:article:9090363320761193720,2018-10-17 02:34:14
https://www.linkedin.com/feed/update/urn:li:article:7348336560581534570,2018-10-09 09:19:10
https://www.linkedin.com/feed/update/urn:li:article:6938101991872182127,2018-08-30 03:13:33
https://www.linkedin.com/feed/update/urn:li:article:7091289184709965808,2018-07-31 21:43:11
https://www.linkedin.com/feed/update/urn:li:article:7602856662328099433,2018-06-23 23:32:08
https://www.linkedin.com/feed/update/urn:li:article:8773729081401131468,2018-04-14 00:39:14
https://www.linkedin.com/feed/update/urn:li:article:7238259468511708810,2018-03-05 21:43:00
https://www.linkedin.com/feed/update/urn:li:article:7285786816778232924,2018-01-12 22:06:47
https://www.linkedin.com/feed/update/urn:li:article:9072813935376414907,2018-01-04 09:25:21
https://www.linkedin.com/feed/update/urn:li:article:7228451787332872786,2017-10-29 23:10:09
https://www.linkedin.com/feed/update/urn:li:article:7072915130169457966,2017-09-26 08:28:01
https://www.linkedin.com/feed/update/urn:li:article:8514853559514077769,2017-08-02 03:30:05
https://www.linkedin.com/feed/update/urn:li:article:7859866020765745143,2017-07-05 20:58:08
https://www.linkedin.com/feed/update/urn:li:article:7915479410445649815,2017-05-31 23:37:33
https://www.linkedin.com/feed/update/urn:li:article:8453994690639874778,2017-05-22 22:05:32
https://www.linkedin.com/feed/update/urn:li:article:8218263486478312546,2017-04-17 23:47:55
https://www.linkedin.com/feed/update/urn:li:article:7653357765951259061,2017-03-23 08:25:58
https://www.linkedin.com/feed/update/urn:li:article:8523643950272807297,2017-03-20 10:18:47
https://www.linkedin.com/feed/update/urn:li:article:8449090602527778689,2017-02-20 21:35:12
https://www.linkedin.com/feed/update/urn:li:article:7357370200103645898,2017-01-18 10:51:09
https://www.linkedin.com/feed/update/urn:li:article:7282362079577157837,2017-01-05 21:12:55
https://www.linkedin.com/feed/update/urn:li:article:9204921436484727313,2017-01-04 09:34:21
https://www.linkedin.com/feed/update/urn:li:article:8635793122456125641,2016-12-20 20:28:38
https://www.linkedin.com/feed/update/urn:li:activity:7371535457677017088,2025-10-15 04:00:04
https://www.linkedin.com/feed/update/urn:li:activity:7383486726113128448,2025-10-14 09:36:25
https://www.linkedin.com/feed/update/urn:li:activity:7366031750315065344,2025-08-28 02:48:05
https://www.linkedin.com/feed/update/urn:li:activity:7363194823765348355,2025-08-20 04:10:30
https://www.linkedin.com/feed/update/urn:li:activity:7361637868651331584,2025-08-19 11:02:35
https://www.linkedin.com/feed/update/urn:li:activity:7360645840916398080,2025-08-15 23:54:43
https://www.linkedin.com/feed/update/urn:li:activity:7329113435294613504,2025-08-06 07:15:10
https://www.linkedin.com/feed/update/urn:li:activity:7353759548337213440,2025-07-25 03:50:19
https://www.linkedin.com/feed/update/urn:li:activity:7345787012802596868,2025-07-02 00:32:27
https://www.linkedin.com/feed/update/urn:li:activity:7343645883843928065,2025-06-29 11:53:20
https://www.linkedin.com/feed/update/urn:li:activity:7344684745965912064,2025-06-29 11:52:04
https://www.linkedin.com/feed/update/urn:li:activity:7342883319233060865,2025-06-24 05:00:56
https://www.linkedin.com/feed/update/urn:li:activity:7338901958746861569,2025-06-12 13:06:03
https://www.linkedin.com/feed/update/urn:li:activity:7328305612293873664,2025-05-14 11:12:11
https://www.linkedin.com/feed/update/urn:li:activity:7318906476272517120,2025-04-18 20:55:22
https://www.linkedin.com/feed/update/urn:li:activity:7310639210779082752,2025-03-27 01:44:09
https://www.linkedin.com/feed/update/urn:li:activity:7308744434571960320,2025-03-21 07:18:05
https://www.linkedin.com/feed/update/urn:li:activity:7308398781056647168,2025-03-21 00:50:11
https://www.linkedin.com/feed/update/urn:li:activity:7307362445474369537,2025-03-18 10:54:15
https://www.linkedin.com/feed/update/urn:li:activity:7300401717500682241,2025-02-28 03:53:03
https://www.linkedin.com/feed/update/urn:li:activity:7299778091793477634,2025-02-26 11:50:48
https://www.linkedin.com/feed/update/urn:li:activity:7298038460383125504,2025-02-19 20:36:53
https://www.linkedin.com/feed/update/urn:li:activity:7297977783962513408,2025-02-19 20:32:30
https://www.linkedin.com/feed/update/urn:li:activity:7293267252278153216,2025-02-17 11:39:25
https://www.linkedin.com/feed/update/urn:li:activity:7293026282928316416,2025-02-17 01:56:49
https://www.linkedin.com/feed/update/urn:li:activity:7289503147570409472,2025-01-31 09:20:33
https://www.linkedin.com/feed/update/urn:li:activity:7287459072436551680,2025-01-22 10:38:19
https://www.linkedin.com/feed/update/urn:li:activity:7287080311933345792,2025-01-21 11:13:58
https://www.linkedin.com/feed/update/urn:li:activity:7282055799789543424,2025-01-16 10:40:01
https://www.linkedin.com/feed/update/urn:li:activity:7282871194540748800,2025-01-16 10:39:40
https://www.linkedin.com/feed/update/urn:li:activity:7281011025988988928,2025-01-16 10:38:24
https://www.linkedin.com/feed/update/urn:li:activity:7281473619556241409,2025-01-16 10:38:09
https://www.linkedin.com/feed/update/urn:li:activity:7285317784253739008,2025-01-15 23:59:14
https://www.linkedin.com/feed/update/urn:li:activity:7284902115313913856,2025-01-15 00:36:02
https://www.linkedin.com/feed/update/urn:li:activity:7283090163352649729,2025-01-09 12:31:33
https://www.linkedin.com/feed/update/urn:li:activity:7275125049991286784,2024-12-18 21:51:16
https://www.linkedin.com/feed/update/urn:li:activity:7262796561112350720,2024-11-15 08:51:37
https://www.linkedin.com/feed/update/urn:li:activity:7254358326052823041,2024-10-22 10:09:33
https://www.linkedin.com/feed/update/urn:li:activity:7239670457543663616,2024-09-13 00:20:57
https://www.linkedin.com/feed/update/urn:li:activity:7239998632689565696,2024-09-13 00:20:48
https://www.linkedin.com/feed/update/urn:li:activity:7213134210507665408,2024-06-30 12:20:42
https://www.linkedin.com/feed/update/urn:li:activity:7185398965431865345,2024-04-14 23:50:04
https://www.linkedin.com/feed/update/urn:li:article:7527521691832527251,2024-03-03 23:59:59
https://www.linkedin.com/feed/update/urn:li:activity:7151324413345325056,2024-01-12 01:18:20
https://www.linkedin.com/feed/update/urn:li:activity:7150954469654937600,2024-01-10 23:32:18
https://www.linkedin.com/feed/update/urn:li:activity:7100029620082659328,2023-10-18 02:36:55
https://www.linkedin.com/feed/update/urn:li:activity:7119638134086062080,2023-10-17 04:05:06
https://www.linkedin.com/feed/update/urn:li:activity:7119402313584177152,2023-10-16 04:09:49
https://www.linkedin.com/feed/update/urn:li:activity:7067021896369733633,2023-09-21 09:00:30
https://www.linkedin.com/feed/update/urn:li:activity:7099047575206424576,2023-08-20 23:08:49
