Date,Link,OptionText
2023-09-11 23:39:31,https://www.linkedin.com/feed/update/urn:li:ugcPost:7106102983091789824,90-minutes sessions
2023-01-30 03:38:21,https://www.linkedin.com/feed/update/urn:li:ugcPost:7025457572388196352,Both English and Dutch is OK
2022-10-25 00:10:48,https://www.linkedin.com/feed/update/urn:li:ugcPost:6990246917473452032,Both
2022-04-08 09:47:14,https://www.linkedin.com/feed/update/urn:li:ugcPost:6918113912789880832,"Nope, we can be fun too!"
2022-03-30 06:23:58,https://www.linkedin.com/feed/update/urn:li:ugcPost:6914809302448750592,No
2022-02-06 04:07:54,https://www.linkedin.com/feed/update/urn:li:ugcPost:6895658962692243456,Yes
2022-01-24 07:58:24,https://www.linkedin.com/feed/update/urn:li:ugcPost:6891121454822633472,Do it well
2022-01-24 07:52:01,https://www.linkedin.com/feed/update/urn:li:ugcPost:6891040786851737600,Mobile
2021-12-15 00:37:18,https://www.linkedin.com/feed/update/urn:li:ugcPost:6876669847229513728,Work with freelancers
2021-12-07 09:10:03,https://www.linkedin.com/feed/update/urn:li:ugcPost:6873851841319452672,"Yes, it was unplanned"
2021-12-02 20:10:16,https://www.linkedin.com/feed/update/urn:li:ugcPost:6871768456237318144,Yes
2021-11-30 01:19:57,https://www.linkedin.com/feed/update/urn:li:ugcPost:6871244955097137152,Feel lost? Get career clarity
2021-11-24 20:13:08,https://www.linkedin.com/feed/update/urn:li:ugcPost:6869352019346493440,Finding New Team Members.
2021-11-23 07:18:17,https://www.linkedin.com/feed/update/urn:li:ugcPost:6868803736169521152,Reality - Must look the part
2021-11-15 01:56:05,https://www.linkedin.com/feed/update/urn:li:ugcPost:6864453602392449024,"Yes, no doubt!"
2021-11-09 03:51:24,https://www.linkedin.com/feed/update/urn:li:ugcPost:6862133670938054656,Business & Financial Planning
2021-10-29 03:16:05,https://www.linkedin.com/feed/update/urn:li:ugcPost:6859062559006453760,more fun
2021-10-28 02:10:33,https://www.linkedin.com/feed/update/urn:li:ugcPost:6859235032691802112,I will travel in 2022
2021-10-25 07:33:54,https://www.linkedin.com/feed/update/urn:li:ugcPost:6858156709299548160,Yes
2021-10-18 11:11:09,https://www.linkedin.com/feed/update/urn:li:ugcPost:6854842206998675456,Safety and security
2021-10-13 04:00:05,https://www.linkedin.com/feed/update/urn:li:ugcPost:6853893809508630528,Fully charged
2021-10-01 20:52:43,https://www.linkedin.com/feed/update/urn:li:ugcPost:6849724769475137536,Flexible hours
2021-10-01 05:09:15,https://www.linkedin.com/feed/update/urn:li:ugcPost:6849568240482557952,Absolutely! 👍
2021-08-17 10:25:19,https://www.linkedin.com/feed/update/urn:li:ugcPost:6832645506443874304,Yes
2021-08-12 10:28:19,https://www.linkedin.com/feed/update/urn:li:ugcPost:6831364593588281344,Three to five times a week
2021-05-30 22:31:53,https://www.linkedin.com/feed/update/urn:li:ugcPost:6804726487841947648,Friday
